psalm,verse_number,text,compound_sentiment,clean_text,cluster,cluster_label
1,1,"Happy are those who do not follow the advice of the wicked, or take the path that sinners tread, or sit in the seat of scoffers;",0.0772,happy follow advice wicked take path sinners tread sit seat scoffers,3,Judgment & Righteousness
1,2,"but their delight is in the law of the Lord, and on his law they meditate day and night.",0.7469,delight law lord law meditate day night,4,Victory and Power
1,3,"They are like trees planted by streams of water, which yield their fruit in its season, and their leaves do not wither. In all that they do, they prosper.",0.3612,like trees planted streams water yield fruit season leaves wither prosper,1,Poetic Metaphors
1,4,"The wicked are not so, but are like chaff that the wind drives away.",0.2617,wicked like chaff wind drives away,1,Poetic Metaphors
1,5,"Therefore the wicked will not stand in the judgment, nor sinners in the congregation of the righteous;",-0.5267,therefore wicked stand judgment sinners congregation righteous,3,Judgment & Righteousness
1,6,"for the Lord watches over the way of the righteous, but the way of the wicked will perish.",-0.6808,lord watches way righteous way wicked perish,4,Victory and Power
2,1,"Why do the nations conspire, and the peoples plot in vain?",-0.4215,nations conspire peoples plot vain,3,Judgment & Righteousness
2,2,"The kings of the earth set themselves, and the rulers take counsel together, against the Lord and his anointed, saying,",0.0,kings earth set rulers take counsel together lord anointed saying,4,Victory and Power
2,3,"“Let us burst their bonds asunder, and cast their cords from us.”",0.0,let us burst bonds asunder cast cords us,1,Poetic Metaphors
2,4,He who sits in the heavens laughs; the Lord has them in derision.,0.5719,sits heavens laughs lord derision,4,Victory and Power
2,5,"Then he will speak to them in his wrath, and terrify them in his fury, saying,",-0.7906,speak wrath terrify fury saying,3,Judgment & Righteousness
2,6,"“I have set my king on Zion, my holy hill.”",0.0,set king zion holy hill,2,Protection and Authority
2,7,"I will tell of the decree of the Lord: He said to me, “You are my son; today I have begotten you.",0.0,tell decree lord said son today begotten,4,Victory and Power
2,8,"Ask of me, and I will make the nations your heritage, and the ends of the earth your possession.",0.0,ask make nations heritage ends earth possession,2,Protection and Authority
2,9,"You shall break them with a rod of iron, and dash them in pieces like a potter’s vessel.”",0.3612,shall break rod iron dash pieces like potter vessel,1,Poetic Metaphors
2,10,"Now therefore, O kings, be wise; be warned, O rulers of the earth.",0.25,therefore kings wise warned rulers earth,2,Protection and Authority
2,11,"Serve the Lord with fear, with trembling",-0.6908,serve lord fear trembling,4,Victory and Power
2,12,"kiss his feet, or he will be angry, and you will perish in the way; for his wrath is quickly kindled. Happy are all who take refuge in him.",0.4939,kiss feet angry perish way wrath quickly kindled happy take refuge,3,Judgment & Righteousness
3,1,"O Lord, how many are my foes! Many are rising against me;",-0.5093,lord many foes many rising,4,Victory and Power
3,2,"many are saying to me, “There is no help for you in God.”Selah",-0.3089,many saying help selah,0,Hopefulness
3,3,"But you, O Lord, are a shield around me, my glory, and the one who lifts up my head.",0.6956,lord shield around glory one lifts head,4,Victory and Power
3,4,"I cry aloud to the Lord, and he answers me from his holy hill.Selah",-0.4767,cry aloud lord answers holy,4,Victory and Power
3,5,"I lie down and sleep; I wake again, for the Lord sustains me.",0.0,lie sleep wake lord sustains,4,Victory and Power
3,6,I am not afraid of ten thousands of people who have set themselves against me all around.,0.0,afraid ten thousands people set around,1,Poetic Metaphors
3,7,"Rise up, O Lord! Deliver me, O my God! For you strike all my enemies on the cheek; you break the teeth of the wicked.",-0.7639,rise lord deliver god strike enemies cheek break teeth wicked,4,Victory and Power
3,8,Deliverance belongs to the Lord; may your blessing be on your people!Selah,0.5411,deliverance belongs lord may blessing people selah,4,Victory and Power
4,1,"Answer me when I call, O God of my right! You gave me room when I was in distress. Be gracious to me, and hear my prayer.",0.3802,answer call god right gave room distress gracious hear prayer,4,Victory and Power
4,2,"How long, you people, shall my honor suffer shame? How long will you love vain words, and seek after lies?Selah",-0.3313,long people shall honor suffer shame long love vain words seek lies selah,0,Hopefulness
4,3,But know that the Lord has set apart the faithful for himself; the Lord hears when I call to him.,0.5927,know lord set apart faithful lord hears call,4,Victory and Power
4,4,"When you are disturbed, do not sin; ponder it on your beds, and be silent.Selah",0.0834,disturbed sin ponder beds,1,Poetic Metaphors
4,5,"Offer right sacrifices, and put your trust in the Lord.",0.5106,offer right sacrifices put trust lord,0,Hopefulness
4,6,"There are many who say, “O that we might see some good! Let the light of your face shine on us, O Lord!”",0.5399,many say might see good let light face shine us lord,4,Victory and Power
4,7,You have put gladness in my heart more than when their grain and wine abound.,0.6369,put gladness heart grain wine abound,0,Hopefulness
4,8,"I will both lie down and sleep in peace; for you alone, O Lord, make me lie down in safety.",0.6486,lie sleep peace alone lord make lie safety,3,Judgment & Righteousness
5,1,"Give ear to my words, O Lord; give heed to my sighing.",0.0,give ear words lord give heed sighing,4,Victory and Power
5,2,"Listen to the sound of my cry, my King and my God, for to you I pray.",0.0772,listen sound cry king god pray,4,Victory and Power
5,3,"O Lord, in the morning you hear my voice; in the morning I plead my case to you, and watch.",0.0,lord morning hear voice morning plead case watch,4,Victory and Power
5,4,For you are not a God who delights in wickedness; evil will not sojourn with you.,-0.7441,god delights wickedness evil sojourn,3,Judgment & Righteousness
5,5,The boastful will not stand before your eyes; you hate all evildoers.,-0.7964,boastful stand eyes hate evildoers,3,Judgment & Righteousness
5,6,You destroy those who speak lies; the Lord abhors the bloodthirsty and deceitful.,-0.9201,destroy speak lies lord abhors bloodthirsty deceitful,3,Judgment & Righteousness
5,7,"But I, through the abundance of your steadfast love, will enter your house, I will bow down toward your holy temple in awe of you.",0.8519,abundance steadfast love enter house bow toward holy temple awe,0,Hopefulness
5,8,"Lead me, O Lord, in your righteousness because of my enemies; make your way straight before me.",-0.3182,lead lord righteousness enemies make way straight,3,Judgment & Righteousness
5,9,For there is no truth in their mouths; their hearts are destruction; their throats are open graves; they flatter with their tongues.,-0.2874,truth mouths hearts destruction throats open graves flatter tongues,3,Judgment & Righteousness
5,10,"Make them bear their guilt, O God; let them fall by their own counsels; because of their many transgressions cast them out, for they have rebelled against you.",-0.25,make bear guilt god let fall counsels many transgressions cast rebelled,3,Judgment & Righteousness
5,11,"But let all who take refuge in you rejoice; let them ever sing for joy. Spread your protection over them, so that those who love your name may exult in you.",0.9505,let take refuge rejoice let ever sing joy spread protection love name may exult,0,Hopefulness
5,12,"For you bless the righteous, O Lord; you cover them with favor as with a shield.",0.6705,bless righteous lord cover favor shield,4,Victory and Power
6,1,"O Lord, do not rebuke me in your anger, or discipline me in your wrath.",-0.5719,lord rebuke anger discipline wrath,3,Judgment & Righteousness
6,2,"Be gracious to me, O Lord, for I am languishing; O Lord, heal me, for my bones are shaking with terror.",-0.128,gracious lord languishing lord heal bones shaking terror,4,Victory and Power
6,3,"My soul also is struck with terror, while you, O Lord—how long?",-0.6597,soul also struck terror long,3,Judgment & Righteousness
6,4,"Turn, O Lord, save my life; deliver me for the sake of your steadfast love.",0.8555,turn lord save life deliver sake steadfast love,0,Hopefulness
6,5,For in death there is no remembrance of you; in Sheol who can give you praise?,-0.3612,death remembrance sheol give praise,0,Hopefulness
6,6,I am weary with my moaning; every night I flood my bed with tears; I drench my couch with my weeping.,-0.743,weary moaning every night flood bed tears drench couch weeping,1,Poetic Metaphors
6,7,My eyes waste away because of grief; they grow weak because of all my foes.,-0.8979,eyes waste away grief grow weak foes,3,Judgment & Righteousness
6,8,"Depart from me, all you workers of evil, for the Lord has heard the sound of my weeping.",-0.8074,depart workers evil lord heard sound weeping,4,Victory and Power
6,9,The Lord has heard my supplication; the Lord accepts my prayer.,0.3182,lord heard supplication lord accepts prayer,4,Victory and Power
6,10,"All my enemies shall be ashamed and struck with terror; they shall turn back, and in a moment be put to shame.",-0.93,enemies shall ashamed struck terror shall turn back moment put shame,3,Judgment & Righteousness
7,1,"O Lord my God, in you I take refuge; save me from all my pursuers, and deliver me,",0.6486,lord god take refuge save pursuers deliver,4,Victory and Power
7,2,"or like a lion they will tear me apart; they will drag me away, with no one to rescue.",0.4019,like lion tear apart drag away one rescue,1,Poetic Metaphors
7,3,"O Lord my God, if I have done this, if there is wrong in my hands,",-0.25,lord god done wrong hands,4,Victory and Power
7,4,"if I have repaid my ally with harm or plundered my foe without cause,",-0.7506,repaid ally harm plundered foe without cause,3,Judgment & Righteousness
7,5,"then let the enemy pursue and overtake me, trample my life to the ground, and lay my soul in the dust.Selah",-0.5423,let enemy pursue overtake trample life ground lay soul,3,Judgment & Righteousness
7,6,"Rise up, O Lord, in your anger; lift yourself up against the fury of my enemies; awake, O my God; you have appointed a judgment.",-0.8591,rise lord anger lift fury enemies awake god appointed judgment,4,Victory and Power
7,7,"Let the assembly of the peoples be gathered around you, and over it take your seat on high.",0.0,let assembly peoples gathered around take seat high,1,Poetic Metaphors
7,8,"The Lord judges the peoples; judge me, O Lord, according to my righteousness and according to the integrity that is in me.",0.3818,lord judges peoples judge lord according righteousness according integrity,4,Victory and Power
7,9,"O let the evil of the wicked come to an end, but establish the righteous, you who test the minds and hearts, O righteous God.",0.6908,let evil wicked come end establish righteous test minds hearts righteous god,3,Judgment & Righteousness
7,10,"God is my shield, who saves the upright in heart.",0.743,god shield saves upright heart,0,Hopefulness
7,11,"God is a righteous judge, and a God who has indignation every day.",-0.0516,god righteous judge god indignation every day,4,Victory and Power
7,12,"If one does not repent, God will whet his sword; he has bent and strung his bow;",-0.2057,one repent god whet sword bent strung bow,3,Judgment & Righteousness
7,13,"he has prepared his deadly weapons, making his arrows fiery shafts.",-0.5267,prepared deadly weapons making arrows fiery shafts,1,Poetic Metaphors
7,14,"See how they conceive evil, and are pregnant with mischief, and bring forth lies.",-0.8658,see conceive evil pregnant mischief bring forth lies,3,Judgment & Righteousness
7,15,"They make a pit, digging it out, and fall into the hole that they have made.",0.0,make pit digging fall hole made,1,Poetic Metaphors
7,16,"Their mischief returns upon their own heads, and on their own heads their violence descends.",-0.765,mischief returns upon heads heads violence descends,3,Judgment & Righteousness
7,17,"I will give to the Lord the thanks due to his righteousness, and sing praise to the name of the Lord, the Most High.",0.7579,give lord thanks due righteousness sing praise name lord high,4,Victory and Power
8,1,"O Lord, our Sovereign, how majestic is your name in all the earth! You have set your glory above the heavens.",0.7574,lord sovereign majestic name earth set glory heavens,4,Victory and Power
8,2,"Out of the mouths of babes and infants you have founded a bulwark because of your foes, to silence the enemy and the avenger.",-0.7579,mouths babes infants founded bulwark foes silence enemy avenger,3,Judgment & Righteousness
8,3,"When I look at your heavens, the work of your fingers, the moon and the stars that you have established;",0.4019,look heavens work fingers moon stars established,1,Poetic Metaphors
8,4,"what are human beings that you are mindful of them, mortals that you care for them?",0.4939,human beings mindful mortals care,0,Hopefulness
8,5,"Yet you have made them a little lower than God, and crowned them with glory and honor.",0.767,yet made little lower god crowned glory honor,4,Victory and Power
8,6,"You have given them dominion over the works of your hands; you have put all things under their feet,",0.0,given dominion works hands put things feet,1,Poetic Metaphors
8,7,"all sheep and oxen, and also the beasts of the field,",0.0,sheep oxen also beasts field,1,Poetic Metaphors
8,8,"the birds of the air, and the fish of the sea, whatever passes along the paths of the seas.",0.0,birds air fish sea whatever passes along paths seas,1,Poetic Metaphors
8,9,"O Lord, our Sovereign, how majestic is your name in all the earth!",0.0,lord sovereign majestic name earth,4,Victory and Power
9,1,I will give thanks to the Lord with my whole heart; I will tell of all your wonderful deeds.,0.8957,give thanks lord whole heart tell wonderful deeds,0,Hopefulness
9,2,"I will be glad and exult in you; I will sing praise to your name, O Most High.",0.765,glad exult sing praise name high,4,Victory and Power
9,3,"When my enemies turned back, they stumbled and perished before you.",-0.4939,enemies turned back stumbled perished,1,Poetic Metaphors
9,4,For you have maintained my just cause; you have sat on the throne giving righteous judgment.,0.34,maintained cause sat throne giving righteous judgment,3,Judgment & Righteousness
9,5,"You have rebuked the nations, you have destroyed the wicked; you have blotted out their name forever and ever.",-0.765,rebuked nations destroyed wicked blotted name forever ever,3,Judgment & Righteousness
9,6,The enemies have vanished in everlasting ruins; their cities you have rooted out; the very memory of them has perished.,-0.7269,enemies vanished everlasting ruins cities rooted memory perished,1,Poetic Metaphors
9,7,"But the Lord sits enthroned forever, he has established his throne for judgment.",0.0,lord sits enthroned forever established throne judgment,4,Victory and Power
9,8,He judges the world with righteousness; he judges the peoples with equity.,0.0,judges world righteousness judges peoples equity,3,Judgment & Righteousness
9,9,"The Lord is a stronghold for the oppressed, a stronghold in times of trouble.",-0.5859,lord stronghold oppressed stronghold times trouble,2,Protection and Authority
9,10,"And those who know your name put their trust in you, for you, O Lord, have not forsaken those who seek you.",0.5106,know name put trust lord forsaken seek,4,Victory and Power
9,11,"Sing praises to the Lord, who dwells in Zion. Declare his deeds among the peoples.",0.5106,sing praises lord dwells zion declare deeds among peoples,2,Protection and Authority
9,12,For he who avenges blood is mindful of them; he does not forget the cry of the afflicted.,0.1828,avenges blood mindful forget cry afflicted,3,Judgment & Righteousness
9,13,"Be gracious to me, O Lord. See what I suffer from those who hate me; you are the one who lifts me up from the gates of death,",-0.8176,gracious lord see suffer hate one lifts gates death,4,Victory and Power
9,14,"so that I may recount all your praises, and, in the gates of daughter Zion, rejoice in your deliverance.",0.743,may recount praises gates daughter zion rejoice deliverance,2,Protection and Authority
9,15,The nations have sunk in the pit that they made; in the net that they hid has their own foot been caught.,-0.1027,nations sunk pit made net hid foot caught,1,Poetic Metaphors
9,16,"The Lord has made himself known, he has executed judgment; the wicked are snared in the work of their own hands.Higgaion. Selah",-0.5267,lord made known executed judgment wicked snared work selah,3,Judgment & Righteousness
9,17,"The wicked shall depart to Sheol, all the nations that forget God.",-0.4939,wicked shall depart sheol nations forget god,3,Judgment & Righteousness
9,18,"For the needy shall not always be forgotten, nor the hope of the poor perish forever.",-0.7383,needy shall always forgotten hope poor perish forever,0,Hopefulness
9,19,"Rise up, O Lord! Do not let mortals prevail; let the nations be judged before you.",0.0,rise lord let mortals prevail let nations judged,4,Victory and Power
9,20,"Put them in fear, O Lord; let the nations know that they are only human.Selah",-0.4939,put fear lord let nations know,4,Victory and Power
10,1,"Why, O Lord, do you stand far off? Why do you hide yourself in times of trouble?",-0.5803,lord stand far hide times trouble,4,Victory and Power
10,2,In arrogance the wicked persecute the poor— let them be caught in the schemes they have devised.,-0.872,arrogance wicked persecute let caught schemes devised,3,Judgment & Righteousness
10,3,"For the wicked boast of the desires of their heart, those greedy for gain curse and renounce the Lord.",-0.1531,wicked boast desires heart greedy gain curse renounce lord,0,Hopefulness
10,4,"In the pride of their countenance the wicked say, “God will not seek it out”; all their thoughts are, “There is no God.”",-0.4939,pride countenance wicked say god seek thoughts god,4,Victory and Power
10,5,"Their ways prosper at all times; your judgments are on high, out of their sight; as for their foes, they scoff at them.",-0.4588,ways prosper times judgments high sight foes scoff,3,Judgment & Righteousness
10,6,"They think in their heart, “We shall not be moved; throughout all generations we shall not meet adversity.”",0.6369,think heart shall moved throughout generations shall meet adversity,0,Hopefulness
10,7,Their mouths are filled with cursing and deceit and oppression; under their tongues are mischief and iniquity.,-0.6705,mouths filled cursing deceit oppression tongues mischief iniquity,3,Judgment & Righteousness
10,8,They sit in ambush in the villages; in hiding places they murder the innocent. Their eyes stealthily watch for the helpless;,-0.8126,sit ambush villages hiding places murder innocent eyes stealthily watch helpless,3,Judgment & Righteousness
10,9,they lurk in secret like a lion in its covert; they lurk that they may seize the poor; they seize the poor and drag them off in their net.,-0.802,lurk secret like lion covert lurk may seize poor seize poor drag net,1,Poetic Metaphors
10,10,"They stoop, they crouch, and the helpless fall by their might.",-0.4588,stoop crouch helpless fall might,1,Poetic Metaphors
10,11,"They think in their heart, “God has forgotten, he has hidden his face, he will never see it.”",0.5106,think heart god forgotten hidden face never see,0,Hopefulness
10,12,"Rise up, O Lord; O God, lift up your hand; do not forget the oppressed.",0.8186,rise lord god lift hand forget oppressed,4,Victory and Power
10,13,"Why do the wicked renounce God, and say in their hearts, “You will not call us to account”?",0.4588,wicked renounce god say hearts call us account,4,Victory and Power
10,14,"But you do see! Indeed you note trouble and grief, that you may take it into your hands; the helpless commit themselves to you; you have been the helper of the orphan.",-0.8043,see indeed note trouble grief may take hands helpless commit helper orphan,3,Judgment & Righteousness
10,15,Break the arm of the wicked and evildoers; seek out their wickedness until you find none.,-0.872,break arm wicked evildoers seek wickedness find none,3,Judgment & Righteousness
10,16,The Lord is king forever and ever; the nations shall perish from his land.,0.0,lord king forever ever nations shall perish land,2,Protection and Authority
10,17,"O Lord, you will hear the desire of the meek; you will strengthen their heart, you will incline your ear",0.8481,lord hear desire meek strengthen heart incline ear,0,Hopefulness
10,18,"to do justice for the orphan and the oppressed, so that those from earth may strike terror no more.",-0.7003,justice orphan oppressed earth may strike terror,3,Judgment & Righteousness
11,1,"In the Lord I take refuge; how can you say to me, “Flee like a bird to the mountains;",0.3612,lord take refuge say flee like bird mountains,4,Victory and Power
11,2,"for look, the wicked bend the bow, they have fitted their arrow to the string, to shoot in the dark at the upright in heart.",-0.1531,look wicked bend bow fitted arrow string shoot dark upright heart,1,Poetic Metaphors
11,3,"If the foundations are destroyed, what can the righteous do?”",-0.4939,foundations destroyed righteous,3,Judgment & Righteousness
11,4,"The Lord is in his holy temple; the Lord’s throne is in heaven. His eyes behold, his gaze examines humankind.",0.5106,lord holy temple lord throne heaven eyes behold gaze examines humankind,4,Victory and Power
11,5,"The Lord tests the righteous and the wicked, and his soul hates the lover of violence.",-0.765,lord tests righteous wicked soul hates lover violence,3,Judgment & Righteousness
11,6,On the wicked he will rain coals of fire and sulfur; a scorching wind shall be the portion of their cup.,-0.7003,wicked rain coals fire sulfur scorching wind shall portion cup,1,Poetic Metaphors
11,7,For the Lord is righteous; he loves righteous deeds; the upright shall behold his face.,0.5719,lord righteous loves righteous deeds upright shall behold face,0,Hopefulness
12,1,"Help, O Lord, for there is no longer anyone who is godly; the faithful have disappeared from humankind.",0.3612,help lord longer anyone godly faithful disappeared humankind,4,Victory and Power
12,2,They utter lies to each other; with flattering lips and a double heart they speak.,0.5279,utter lies flattering lips double heart speak,3,Judgment & Righteousness
12,3,"May the Lord cut off all flattering lips, the tongue that makes great boasts,",0.6486,may lord cut flattering lips tongue makes great boasts,4,Victory and Power
12,4,"those who say, “With our tongues we will prevail; our lips are our own—who is our master?”",0.0,say tongues prevail lips master,3,Judgment & Righteousness
12,5,"“Because the poor are despoiled, because the needy groan, I will now rise up,” says the Lord; “I will place them in the safety for which they long.”",-0.4019,poor despoiled needy groan rise says lord place safety long,4,Victory and Power
12,6,"The promises of the Lord are promises that are pure, silver refined in a furnace on the ground, purified seven times.",0.6369,promises lord promises pure silver refined furnace ground purified seven times,3,Judgment & Righteousness
12,7,"You, O Lord, will protect us; you will guard us from this generation forever.",0.3818,lord protect us guard us generation forever,4,Victory and Power
12,8,"On every side the wicked prowl, as vileness is exalted among humankind.",-0.5267,every side wicked prowl vileness exalted among humankind,3,Judgment & Righteousness
13,1,"How long, O Lord? Will you forget me forever? How long will you hide your face from me?",-0.4836,long lord forget forever long hide face,4,Victory and Power
13,2,"How long must I bear pain in my soul, and have sorrow in my heart all day long? How long shall my enemy be exalted over me?",-0.7476,long must bear pain soul sorrow heart day long long shall enemy exalted,0,Hopefulness
13,3,"Consider and answer me, O Lord my God! Give light to my eyes, or I will sleep the sleep of death,",-0.4753,consider answer lord god give light eyes sleep sleep death,4,Victory and Power
13,4,"and my enemy will say, “I have prevailed”; my foes will rejoice because I am shaken.",-0.5994,enemy say prevailed foes rejoice shaken,3,Judgment & Righteousness
13,5,But I trusted in your steadfast love; my heart shall rejoice in your salvation.,0.9753,trusted steadfast love heart shall rejoice salvation,0,Hopefulness
13,6,"I will sing to the Lord, because he has dealt bountifully with me.",0.0,sing lord dealt bountifully,4,Victory and Power
14,1,"Fools say in their hearts, “There is no God.” They are corrupt, they do abominable deeds; there is no one who does good.",0.1531,fools say hearts corrupt abominable deeds one good,3,Judgment & Righteousness
14,2,"The Lord looks down from heaven on humankind to see if there are any who are wise, who seek after God.",0.8176,lord looks heaven humankind see wise seek god,4,Victory and Power
14,3,"They have all gone astray, they are all alike perverse; there is no one who does good, no, not one.",-0.2732,gone astray alike perverse one good one,3,Judgment & Righteousness
14,4,"Have they no knowledge, all the evildoers who eat up my people as they eat bread, and do not call upon the Lord?",-0.6808,knowledge evildoers eat people eat bread call upon lord,3,Judgment & Righteousness
14,5,"There they shall be in great terror, for God is with the company of the righteous.",0.4215,shall great terror god company righteous,4,Victory and Power
14,6,"You would confound the plans of the poor, but the Lord is their refuge.",-0.2617,would confound plans poor lord refuge,4,Victory and Power
14,7,"O that deliverance for Israel would come from Zion! When the Lord restores the fortunes of his people, Jacob will rejoice; Israel will be glad.",0.8122,deliverance israel would come zion lord restores fortunes people jacob rejoice israel glad,2,Protection and Authority
15,1,"O Lord, who may abide in your tent? Who may dwell on your holy hill?",0.2168,lord may abide tent may dwell holy hill,4,Victory and Power
15,2,"Those who walk blamelessly, and do what is right, and speak the truth from their heart;",0.8126,walk blamelessly right speak truth heart,3,Judgment & Righteousness
15,3,"who do not slander with their tongue, and do no evil to their friends, nor take up a reproach against their neighbors;",0.7661,slander tongue evil friends take reproach neighbors,3,Judgment & Righteousness
15,4,"in whose eyes the wicked are despised, but who honor those who fear the Lord; who stand by their oath even to their hurt;",-0.8248,whose eyes wicked despised honor fear lord stand oath even hurt,3,Judgment & Righteousness
15,5,"who do not lend money at interest, and do not take a bribe against the innocent. Those who do these things shall never be moved.",0.7177,lend money interest take bribe innocent things shall never moved,3,Judgment & Righteousness
16,1,"Protect me, O God, for in you I take refuge.",0.5719,protect god take refuge,4,Victory and Power
16,2,"I say to the Lord, “You are my Lord; I have no good apart from you.”",-0.3412,say lord lord good apart,4,Victory and Power
16,3,"As for the holy ones in the land, they are the noble, in whom is all my delight.",0.7845,holy ones land noble delight,2,Protection and Authority
16,4,Those who choose another god multiply their sorrows; their drink offerings of blood I will not pour out or take their names upon my lips.,-0.128,choose another god multiply sorrows drink offerings blood pour take names upon lips,4,Victory and Power
16,5,The Lord is my chosen portion and my cup; you hold my lot.,0.0,lord chosen portion cup hold lot,4,Victory and Power
16,6,The boundary lines have fallen for me in pleasant places; I have a goodly heritage.,0.2023,boundary lines fallen pleasant places goodly heritage,2,Protection and Authority
16,7,I bless the Lord who gives me counsel; in the night also my heart instructs me.,0.7906,bless lord gives counsel night also heart instructs,4,Victory and Power
16,8,"I keep the Lord always before me; because he is at my right hand, I shall not be moved.",0.4939,keep lord always right hand shall moved,4,Victory and Power
16,9,"Therefore my heart is glad, and my soul rejoices; my body also rests secure.",0.9136,therefore heart glad soul rejoices body also rests secure,0,Hopefulness
16,10,"For you do not give me up to Sheol, or let your faithful one see the Pit.",0.4404,give sheol let faithful one see pit,1,Poetic Metaphors
16,11,You show me the path of life. In your presence there is fullness of joy; in your right hand are pleasures forevermore.,0.872,show path life presence fullness joy right hand pleasures forevermore,0,Hopefulness
17,1,"Hear a just cause, O Lord; attend to my cry; give ear to my prayer from lips free of deceit.",-0.4215,hear cause lord attend cry give ear prayer lips free deceit,4,Victory and Power
17,2,From you let my vindication come; let your eyes see the right.,0.0,let vindication come let eyes see right,3,Judgment & Righteousness
17,3,"If you try my heart, if you visit me by night, if you test me, you will find no wickedness in me; my mouth does not transgress.",0.7753,try heart visit night test find wickedness mouth transgress,3,Judgment & Righteousness
17,4,"As for what others do, by the word of your lips I have avoided the ways of the violent.",-0.743,others word lips avoided ways violent,3,Judgment & Righteousness
17,5,My steps have held fast to your paths; my feet have not slipped.,0.0,steps held fast paths feet slipped,1,Poetic Metaphors
17,6,"I call upon you, for you will answer me, O God; incline your ear to me, hear my words.",0.2732,call upon answer god incline ear hear words,4,Victory and Power
17,7,"Wondrously show your steadfast love, O savior of those who seek refuge from their adversaries at your right hand.",0.8126,wondrously show steadfast love savior seek refuge adversaries right hand,0,Hopefulness
17,8,"Guard me as the apple of the eye; hide me in the shadow of your wings,",-0.1779,guard apple eye hide shadow wings,1,Poetic Metaphors
17,9,"from the wicked who despoil me, my deadly enemies who surround me.",-0.765,wicked despoil deadly enemies surround,3,Judgment & Righteousness
17,10,They close their hearts to pity; with their mouths they speak arrogantly.,0.0772,close hearts pity mouths speak arrogantly,3,Judgment & Righteousness
17,11,They track me down; now they surround me; they set their eyes to cast me to the ground.,0.0,track surround set eyes cast ground,1,Poetic Metaphors
17,12,"They are like a lion eager to tear, like a young lion lurking in ambush.",0.7184,like lion eager tear like young lion lurking ambush,1,Poetic Metaphors
17,13,"Rise up, O Lord, confront them, overthrow them! By your sword deliver my life from the wicked,",-0.6588,rise lord confront overthrow sword deliver life wicked,3,Judgment & Righteousness
17,14,"from mortals—by your hand, O Lord— from mortals whose portion in life is in this world. May their bellies be filled with what you have stored up for them; may their children have more than enough; may they leave something over to their little ones.",0.4588,hand mortals whose portion life world may bellies filled stored may children enough may leave something little ones,0,Hopefulness
17,15,"As for me, I shall behold your face in righteousness; when I awake I shall be satisfied, beholding your likeness.",0.4215,shall behold face righteousness awake shall satisfied beholding likeness,4,Victory and Power
18,1,"I love you, O Lord, my strength.",0.8126,love lord strength,4,Victory and Power
18,2,"The Lord is my rock, my fortress, and my deliverer, my God, my rock in whom I take refuge, my shield, and the horn of my salvation, my stronghold.",0.3818,lord rock fortress deliverer god rock take refuge shield horn salvation stronghold,4,Victory and Power
18,3,"I call upon the Lord, who is worthy to be praised, so I shall be saved from my enemies.",0.6908,call upon lord worthy praised shall saved enemies,4,Victory and Power
18,4,The cords of death encompassed me; the torrents of perdition assailed me;,-0.5994,cords death encompassed torrents perdition assailed,3,Judgment & Righteousness
18,5,the cords of Sheol entangled me; the snares of death confronted me.,-0.6908,cords sheol entangled snares death confronted,1,Poetic Metaphors
18,6,"In my distress I called upon the Lord; to my God I cried for help. From his temple he heard my voice, and my cry to him reached his ears.",-0.5994,distress called upon lord god cried help temple heard voice cry reached ears,4,Victory and Power
18,7,"Then the earth reeled and rocked; the foundations also of the mountains trembled and quaked, because he was angry.",-0.6597,earth reeled rocked foundations also mountains trembled quaked angry,1,Poetic Metaphors
18,8,"Smoke went up from his nostrils, and devouring fire from his mouth; glowing coals flamed forth from him.",-0.34,smoke went nostrils devouring fire mouth glowing coals flamed forth,1,Poetic Metaphors
18,9,"He bowed the heavens, and came down; thick darkness was under his feet.",0.1779,bowed heavens came thick darkness feet,1,Poetic Metaphors
18,10,"He rode on a cherub, and flew; he came swiftly upon the wings of the wind.",0.296,rode cherub flew came swiftly upon wings wind,1,Poetic Metaphors
18,11,"He made darkness his covering around him, his canopy thick clouds dark with water.",-0.25,made darkness covering around canopy thick clouds dark water,1,Poetic Metaphors
18,12,Out of the brightness before him there broke through his clouds hailstones and coals of fire.,-0.3818,brightness broke clouds hailstones coals fire,1,Poetic Metaphors
18,13,"The Lord also thundered in the heavens, and the Most High uttered his voice.",0.4019,lord also thundered heavens high uttered voice,4,Victory and Power
18,14,"And he sent out his arrows, and scattered them; he flashed forth lightnings, and routed them.",0.0,sent arrows scattered flashed forth lightnings routed,1,Poetic Metaphors
18,15,"Then the channels of the sea were seen, and the foundations of the world were laid bare at your rebuke, O Lord, at the blast of the breath of your nostrils.",0.0,channels sea seen foundations world laid bare rebuke lord blast breath nostrils,1,Poetic Metaphors
18,16,"He reached down from on high, he took me; he drew me out of mighty waters.",0.1027,reached high took drew mighty waters,1,Poetic Metaphors
18,17,"He delivered me from my strong enemy, and from those who hated me; for they were too mighty for me.",-0.6597,delivered strong enemy hated mighty,3,Judgment & Righteousness
18,18,They confronted me in the day of my calamity; but the Lord was my support.,0.4854,confronted day calamity lord support,4,Victory and Power
18,19,"He brought me out into a broad place; he delivered me, because he delighted in me.",0.5106,brought broad place delivered delighted,1,Poetic Metaphors
18,20,The Lord rewarded me according to my righteousness; according to the cleanness of my hands he recompensed me.,0.4939,lord rewarded according righteousness according cleanness hands recompensed,4,Victory and Power
18,21,"For I have kept the ways of the Lord, and have not wickedly departed from my God.",0.5653,kept ways lord wickedly departed god,4,Victory and Power
18,22,"For all his ordinances were before me, and his statutes I did not put away from me.",0.0,ordinances statutes put away,3,Judgment & Righteousness
18,23,"I was blameless before him, and I kept myself from guilt.",-0.1027,blameless kept guilt,3,Judgment & Righteousness
18,24,"Therefore the Lord has recompensed me according to my righteousness, according to the cleanness of my hands in his sight.",0.0,therefore lord recompensed according righteousness according cleanness hands sight,3,Judgment & Righteousness
18,25,With the loyal you show yourself loyal; with the blameless you show yourself blameless;,0.8225,loyal show loyal blameless show blameless,3,Judgment & Righteousness
18,26,with the pure you show yourself pure; and with the crooked you show yourself perverse.,-0.4215,pure show pure crooked show perverse,3,Judgment & Righteousness
18,27,"For you deliver a humble people, but the haughty eyes you bring down.",0.0,deliver humble people haughty eyes bring,3,Judgment & Righteousness
18,28,"It is you who light my lamp; the Lord, my God, lights up my darkness.",0.0258,light lamp lord god lights darkness,4,Victory and Power
18,29,"By you I can crush a troop, and by my God I can leap over a wall.",0.128,crush troop god leap wall,1,Poetic Metaphors
18,30,This God—his way is perfect; the promise of the Lord proves true; he is a shield for all who take refuge in him.,0.8316,way perfect promise lord proves true shield take refuge,4,Victory and Power
18,31,For who is God except the Lord? And who is a rock besides our God?—,0.3527,god except lord rock besides god,4,Victory and Power
18,32,"the God who girded me with strength, and made my way safe.",0.802,god girded strength made way safe,3,Judgment & Righteousness
18,33,"He made my feet like the feet of a deer, and set me secure on the heights.",0.5994,made feet like feet deer set secure heights,1,Poetic Metaphors
18,34,"He trains my hands for war, so that my arms can bend a bow of bronze.",-0.5994,trains hands war arms bend bow bronze,1,Poetic Metaphors
18,35,"You have given me the shield of your salvation, and your right hand has supported me; your help has made me great.",0.9062,given shield salvation right hand supported help made great,1,Poetic Metaphors
18,36,"You gave me a wide place for my steps under me, and my feet did not slip.",0.0,gave wide place steps feet slip,1,Poetic Metaphors
18,37,I pursued my enemies and overtook them; and did not turn back until they were consumed.,-0.4939,pursued enemies overtook turn back consumed,1,Poetic Metaphors
18,38,"I struck them down, so that they were not able to rise; they fell under my feet.",-0.25,struck able rise fell feet,1,Poetic Metaphors
18,39,For you girded me with strength for the battle; you made my assailants sink under me.,0.1531,girded strength battle made assailants sink,1,Poetic Metaphors
18,40,"You made my enemies turn their backs to me, and those who hated me I destroyed.",-0.8957,made enemies turn backs hated destroyed,3,Judgment & Righteousness
18,41,"They cried for help, but there was no one to save them; they cried to the Lord, but he did not answer them.",-0.2144,cried help one save cried lord answer,4,Victory and Power
18,42,"I beat them fine, like dust before the wind; I cast them out like the mire of the streets.",0.7003,beat fine like dust wind cast like mire streets,1,Poetic Metaphors
18,43,You delivered me from strife with the peoples; you made me head of the nations; people whom I had not known served me.,0.0,delivered strife peoples made head nations people known served,2,Protection and Authority
18,44,As soon as they heard of me they obeyed me; foreigners came cringing to me.,0.0,soon heard obeyed foreigners came cringing,3,Judgment & Righteousness
18,45,"Foreigners lost heart, and came trembling out of their strongholds.",0.34,foreigners lost heart came trembling strongholds,1,Poetic Metaphors
18,46,"The Lord lives! Blessed be my rock, and exalted be the God of my salvation,",0.7424,lord lives blessed rock exalted god salvation,4,Victory and Power
18,47,the God who gave me vengeance and subdued peoples under me;,0.2732,god gave vengeance subdued peoples,3,Judgment & Righteousness
18,48,"who delivered me from my enemies; indeed, you exalted me above my adversaries; you delivered me from the violent.",-0.8442,delivered enemies indeed exalted adversaries delivered violent,3,Judgment & Righteousness
18,49,"For this I will extol you, O Lord, among the nations, and sing praises to your name.",0.5267,extol lord among nations sing praises name,4,Victory and Power
18,50,"Great triumphs he gives to his king, and shows steadfast love to his anointed, to David and his descendants forever.",0.9231,great triumphs gives king shows steadfast love anointed david descendants forever,2,Protection and Authority
19,1,The heavens are telling the glory of God; and the firmament proclaims his handiwork.,0.8074,heavens telling glory god firmament proclaims handiwork,4,Victory and Power
19,2,"Day to day pours forth speech, and night to night declares knowledge.",0.0,day day pours forth speech night night declares knowledge,1,Poetic Metaphors
19,3,"There is no speech, nor are there words; their voice is not heard;",-0.296,speech words voice heard,1,Poetic Metaphors
19,4,"yet their voice goes out through all the earth, and their words to the end of the world. In the heavens he has set a tent for the sun,",0.4019,yet voice goes earth words end world heavens set tent sun,4,Victory and Power
19,5,"which comes out like a bridegroom from his wedding canopy, and like a strong man runs its course with joy.",0.9022,comes like bridegroom wedding canopy like strong man runs course joy,1,Poetic Metaphors
19,6,"Its rising is from the end of the heavens, and its circuit to the end of them; and nothing is hid from its heat.",0.4581,rising end heavens circuit end nothing hid heat,1,Poetic Metaphors
19,7,"The law of the Lord is perfect, reviving the soul; the decrees of the Lord are sure, making wise the simple;",0.8442,law lord perfect reviving soul decrees lord sure making wise simple,3,Judgment & Righteousness
19,8,"the precepts of the Lord are right, rejoicing the heart; the commandment of the Lord is clear, enlightening the eyes;",0.9313,precepts lord right rejoicing heart commandment lord clear enlightening eyes,4,Victory and Power
19,9,"the fear of the Lord is pure, enduring forever; the ordinances of the Lord are true and righteous altogether.",-0.1027,fear lord pure enduring forever ordinances lord true righteous altogether,4,Victory and Power
19,10,"More to be desired are they than gold, even much fine gold; sweeter also than honey, and drippings of the honeycomb.",0.4877,desired gold even much fine gold sweeter also honey drippings honeycomb,1,Poetic Metaphors
19,11,Moreover by them is your servant warned; in keeping them there is great reward.,0.7717,moreover servant warned keeping great reward,3,Judgment & Righteousness
19,12,But who can detect their errors? Clear me from hidden faults.,-0.5927,detect errors clear hidden faults,1,Poetic Metaphors
19,13,"Keep back your servant also from the insolent; do not let them have dominion over me. Then I shall be blameless, and innocent of great transgression.",0.802,keep back servant also insolent let dominion shall blameless innocent great transgression,3,Judgment & Righteousness
19,14,"Let the words of my mouth and the meditation of my heart be acceptable to you, O Lord, my rock and my redeemer.",0.7579,let words mouth meditation heart acceptable lord rock redeemer,0,Hopefulness
20,1,The Lord answer you in the day of trouble! The name of the God of Jacob protect you!,0.3786,lord answer day trouble name god jacob protect,4,Victory and Power
20,2,"May he send you help from the sanctuary, and give you support from Zion.",0.6597,may send help sanctuary give support zion,2,Protection and Authority
20,3,"May he remember all your offerings, and regard with favor your burnt sacrifices.Selah",0.4019,may remember offerings regard favor burnt,1,Poetic Metaphors
20,4,"May he grant you your heart’s desire, and fulfill all your plans.",0.7964,may grant heart desire fulfill plans,0,Hopefulness
20,5,"May we shout for joy over your victory, and in the name of our God set up our banners. May the Lord fulfill all your petitions.",0.8316,may shout joy victory name god set banners may lord fulfill petitions,4,Victory and Power
20,6,Now I know that the Lord will help his anointed; he will answer him from his holy heaven with mighty victories by his right hand.,0.8481,know lord help anointed answer holy heaven mighty victories right hand,4,Victory and Power
20,7,"Some take pride in chariots, and some in horses, but our pride is in the name of the Lord our God.",0.7543,take pride chariots horses pride name lord god,4,Victory and Power
20,8,"They will collapse and fall, but we shall rise and stand upright.",-0.2732,collapse fall shall rise stand upright,1,Poetic Metaphors
20,9,"Give victory to the king, O Lord; answer us when we call.",0.0,give victory king lord answer us call,4,Victory and Power
21,1,"In your strength the king rejoices, O Lord, and in your help how greatly he exults!",0.8516,strength king rejoices lord help greatly exults,4,Victory and Power
21,2,"You have given him his heart’s desire, and have not withheld the request of his lips.Selah",0.4019,given heart desire withheld request,0,Hopefulness
21,3,For you meet him with rich blessings; you set a crown of fine gold on his head.,0.836,meet rich blessings set crown fine gold head,4,Victory and Power
21,4,He asked you for life; you gave it to him— length of days forever and ever.,0.0,asked life gave length days forever ever,0,Hopefulness
21,5,His glory is great through your help; splendor and majesty you bestow on him.,0.936,glory great help splendor majesty bestow,4,Victory and Power
21,6,You bestow on him blessings forever; you make him glad with the joy of your presence.,0.8834,bestow blessings forever make glad joy presence,0,Hopefulness
21,7,"For the king trusts in the Lord, and through the steadfast love of the Most High he shall not be moved.",0.8519,king trusts lord steadfast love high shall moved,0,Hopefulness
21,8,Your hand will find out all your enemies; your right hand will find out those who hate you.,-0.128,hand find enemies right hand find hate,3,Judgment & Righteousness
21,9,"You will make them like a fiery furnace when you appear. The Lord will swallow them up in his wrath, and fire will consume them.",-0.3182,make like fiery furnace appear lord swallow wrath fire consume,4,Victory and Power
21,10,"You will destroy their offspring from the earth, and their children from among humankind.",-0.5423,destroy offspring earth children among humankind,3,Judgment & Righteousness
21,11,"If they plan evil against you, if they devise mischief, they will not succeed.",-0.86,plan evil devise mischief succeed,3,Judgment & Righteousness
21,12,For you will put them to flight; you will aim at their faces with your bows.,0.0,put flight aim faces bows,1,Poetic Metaphors
21,13,"Be exalted, O Lord, in your strength! We will sing and praise your power.",0.7959,exalted lord strength sing praise power,4,Victory and Power
22,1,"My God, my God, why have you forsaken me? Why are you so far from helping me, from the words of my groaning?",0.7205,god god forsaken far helping words groaning,4,Victory and Power
22,2,"O my God, I cry by day, but you do not answer; and by night, but find no rest.",-0.5106,god cry day answer night find rest,0,Hopefulness
22,3,"Yet you are holy, enthroned on the praises of Israel.",0.5267,yet holy enthroned praises israel,2,Protection and Authority
22,4,"In you our ancestors trusted; they trusted, and you delivered them.",0.7351,ancestors trusted trusted delivered,3,Judgment & Righteousness
22,5,"To you they cried, and were saved; in you they trusted, and were not put to shame.",0.7054,cried saved trusted put shame,0,Hopefulness
22,6,"But I am a worm, and not human; scorned by others, and despised by the people.",-0.5499,worm human scorned others despised people,3,Judgment & Righteousness
22,7,"All who see me mock at me; they make mouths at me, they shake their heads;",-0.5423,see mock make mouths shake heads,1,Poetic Metaphors
22,8,“Commit your cause to the Lord; let him deliver— let him rescue the one in whom he delights!”,0.5562,commit cause lord let let rescue one delights,4,Victory and Power
22,9,Yet it was you who took me from the womb; you kept me safe on my mother’s breast.,0.4404,yet took womb kept safe mother breast,1,Poetic Metaphors
22,10,"On you I was cast from my birth, and since my mother bore me you have been my God.",0.0258,cast birth since mother bore god,4,Victory and Power
22,11,"Do not be far from me, for trouble is near and there is no one to help.",-0.296,far trouble near one help,1,Poetic Metaphors
22,12,"Many bulls encircle me, strong bulls of Bashan surround me;",0.5106,many bulls encircle strong bulls bashan surround,1,Poetic Metaphors
22,13,"they open wide their mouths at me, like a ravening and roaring lion.",0.3612,open wide mouths like ravening roaring lion,1,Poetic Metaphors
22,14,"I am poured out like water, and all my bones are out of joint; my heart is like wax; it is melted within my breast;",0.8481,poured like water bones joint heart like wax melted within breast,1,Poetic Metaphors
22,15,"my mouth is dried up like a potsherd, and my tongue sticks to my jaws; you lay me in the dust of death.",-0.34,mouth dried like potsherd tongue sticks jaws lay dust death,1,Poetic Metaphors
22,16,For dogs are all around me; a company of evildoers encircles me. My hands and feet have shriveled;,-0.5267,dogs around company evildoers encircles hands feet shriveled,1,Poetic Metaphors
22,17,I can count all my bones. They stare and gloat over me;,0.0,count bones stare gloat,1,Poetic Metaphors
22,18,"they divide my clothes among themselves, and for my clothing they cast lots.",0.0,divide clothes among clothing cast lots,1,Poetic Metaphors
22,19,"But you, O Lord, do not be far away! O my help, come quickly to my aid!",0.629,lord far away help come quickly aid,4,Victory and Power
22,20,"Deliver my soul from the sword, my life from the power of the dog!",0.0,deliver soul sword life power dog,0,Hopefulness
22,21,Save me from the mouth of the lion! From the horns of the wild oxen you have rescued me.,0.7424,save mouth lion horns wild oxen rescued,1,Poetic Metaphors
22,22,I will tell of your name to my brothers and sisters; in the midst of the congregation I will praise you:,0.5574,tell name brothers sisters midst congregation praise,4,Victory and Power
22,23,"You who fear the Lord, praise him! All you offspring of Jacob, glorify him; stand in awe of him, all you offspring of Israel!",0.6892,fear lord praise offspring jacob glorify stand awe offspring israel,2,Protection and Authority
22,24,"For he did not despise or abhor the affliction of the afflicted; he did not hide his face from me, but heard when I cried to him.",-0.3885,despise abhor affliction afflicted hide face heard cried,3,Judgment & Righteousness
22,25,From you comes my praise in the great congregation; my vows I will pay before those who fear him.,0.6249,comes praise great congregation vows pay fear,0,Hopefulness
22,26,The poor shall eat and be satisfied; those who seek him shall praise the Lord. May your hearts live forever!,0.8356,poor shall eat satisfied seek shall praise lord may hearts live forever,0,Hopefulness
22,27,All the ends of the earth shall remember and turn to the Lord; and all the families of the nations shall worship before him.,0.296,ends earth shall remember turn lord families nations shall worship,4,Victory and Power
22,28,"For dominion belongs to the Lord, and he rules over the nations.",0.0,dominion belongs lord rules nations,2,Protection and Authority
22,29,"To him, indeed, shall all who sleep in the earth bow down; before him shall bow all who go down to the dust, and I shall live for him.",0.0,indeed shall sleep earth bow shall bow go dust shall live,4,Victory and Power
22,30,"Posterity will serve him; future generations will be told about the Lord,",0.0,posterity serve future generations told lord,3,Judgment & Righteousness
22,31,"and proclaim his deliverance to a people yet unborn, saying that he has done it.",0.0,proclaim deliverance people yet unborn saying done,3,Judgment & Righteousness
23,1,"The Lord is my shepherd, I shall not want.",-0.0572,lord shepherd shall want,4,Victory and Power
23,2,He makes me lie down in green pastures; he leads me beside still waters;,0.0,makes lie green pastures leads beside still waters,1,Poetic Metaphors
23,3,he restores my soul. He leads me in right paths for his name’s sake.,0.296,restores soul leads right paths name sake,0,Hopefulness
23,4,"Even though I walk through the darkest valley, I fear no evil; for you are with me; your rod and your staff— they comfort me.",-0.0987,even though walk darkest valley fear evil rod comfort,1,Poetic Metaphors
23,5,You prepare a table before me in the presence of my enemies; you anoint my head with oil; my cup overflows.,-0.4939,prepare table presence enemies anoint head oil cup overflows,1,Poetic Metaphors
23,6,"Surely goodness and mercy shall follow me all the days of my life, and I shall dwell in the house of the Lord my whole life long.",0.836,surely goodness mercy shall follow days life shall dwell house lord whole life long,0,Hopefulness
24,1,"The earth is the Lord’s and all that is in it, the world, and those who live in it;",0.0,earth lord world live,4,Victory and Power
24,2,"for he has founded it on the seas, and established it on the rivers.",0.0,founded seas established rivers,1,Poetic Metaphors
24,3,Who shall ascend the hill of the Lord? And who shall stand in his holy place?,0.0,shall ascend hill lord shall stand holy place,4,Victory and Power
24,4,"Those who have clean hands and pure hearts, who do not lift up their souls to what is false, and do not swear deceitfully.",0.7991,clean hands pure hearts lift souls false swear deceitfully,3,Judgment & Righteousness
24,5,"They will receive blessing from the Lord, and vindication from the God of their salvation.",0.6486,receive blessing lord vindication god salvation,4,Victory and Power
24,6,"Such is the company of those who seek him, who seek the face of the God of Jacob.Selah",0.2732,company seek seek face god,4,Victory and Power
24,7,"Lift up your heads, O gates! and be lifted up, O ancient doors! that the King of glory may come in.",0.6229,lift heads gates lifted ancient doors king glory may come,2,Protection and Authority
24,8,"Who is the King of glory? The Lord, strong and mighty, the Lord, mighty in battle.",0.6369,king glory lord strong mighty lord mighty battle,4,Victory and Power
24,9,"Lift up your heads, O gates! and be lifted up, O ancient doors! that the King of glory may come in.",0.6229,lift heads gates lifted ancient doors king glory may come,2,Protection and Authority
24,10,"Who is this King of glory? The Lord of hosts, he is the King of glory.Selah",0.5423,king glory lord hosts king,4,Victory and Power
25,1,"To you, O Lord, I lift up my soul.",0.0,lord lift soul,4,Victory and Power
25,2,"O my God, in you I trust; do not let me be put to shame; do not let my enemies exult over me.",0.6031,god trust let put shame let enemies exult,3,Judgment & Righteousness
25,3,Do not let those who wait for you be put to shame; let them be ashamed who are wantonly treacherous.,-0.7351,let wait put shame let ashamed wantonly treacherous,3,Judgment & Righteousness
25,4,"Make me to know your ways, O Lord; teach me your paths.",0.0,make know ways lord teach paths,4,Victory and Power
25,5,"Lead me in your truth, and teach me, for you are the God of my salvation; for you I wait all day long.",0.5267,lead truth teach god salvation wait day long,0,Hopefulness
25,6,"Be mindful of your mercy, O Lord, and of your steadfast love, for they have been from of old.",0.8271,mindful mercy lord steadfast love old,0,Hopefulness
25,7,"Do not remember the sins of my youth or my transgressions; according to your steadfast love remember me, for your goodness’ sake, O Lord!",0.839,remember sins youth transgressions according steadfast love remember goodness sake lord,0,Hopefulness
25,8,Good and upright is the Lord; therefore he instructs sinners in the way.,0.4404,good upright lord therefore instructs sinners way,4,Victory and Power
25,9,"He leads the humble in what is right, and teaches the humble his way.",0.0,leads humble right teaches humble way,3,Judgment & Righteousness
25,10,"All the paths of the Lord are steadfast love and faithfulness, for those who keep his covenant and his decrees.",0.8442,paths lord steadfast love faithfulness keep covenant decrees,0,Hopefulness
25,11,"For your name’s sake, O Lord, pardon my guilt, for it is great.",0.6486,name sake lord pardon guilt great,3,Judgment & Righteousness
25,12,Who are they that fear the Lord? He will teach them the way that they should choose.,-0.4939,fear lord teach way choose,3,Judgment & Righteousness
25,13,"They will abide in prosperity, and their children shall possess the land.",0.0,abide prosperity children shall possess land,2,Protection and Authority
25,14,"The friendship of the Lord is for those who fear him, and he makes his covenant known to them.",-0.0772,friendship lord fear makes covenant known,4,Victory and Power
25,15,"My eyes are ever toward the Lord, for he will pluck my feet out of the net.",0.0,eyes ever toward lord pluck feet net,1,Poetic Metaphors
25,16,"Turn to me and be gracious to me, for I am lonely and afflicted.",-0.1027,turn gracious lonely afflicted,3,Judgment & Righteousness
25,17,"Relieve the troubles of my heart, and bring me out of my distress.",0.0772,relieve troubles heart bring distress,0,Hopefulness
25,18,"Consider my affliction and my trouble, and forgive all my sins.",-0.5574,consider affliction trouble forgive sins,3,Judgment & Righteousness
25,19,"Consider how many are my foes, and with what violent hatred they hate me.",-0.9413,consider many foes violent hatred hate,3,Judgment & Righteousness
25,20,"O guard my life, and deliver me; do not let me be put to shame, for I take refuge in you.",-0.4767,guard life deliver let put shame take refuge,3,Judgment & Righteousness
25,21,"May integrity and uprightness preserve me, for I wait for you.",0.3818,may integrity uprightness preserve wait,0,Hopefulness
25,22,"Redeem Israel, O God, out of all its troubles.",-0.2263,redeem israel god troubles,2,Protection and Authority
26,1,"Vindicate me, O Lord, for I have walked in my integrity, and I have trusted in the Lord without wavering.",0.7539,vindicate lord walked integrity trusted lord without wavering,4,Victory and Power
26,2,"Prove me, O Lord, and try me; test my heart and mind.",0.6369,prove lord try test heart mind,0,Hopefulness
26,3,"For your steadfast love is before my eyes, and I walk in faithfulness to you.",0.8442,steadfast love eyes walk faithfulness,0,Hopefulness
26,4,"I do not sit with the worthless, nor do I consort with hypocrites;",-0.4404,sit worthless consort hypocrites,3,Judgment & Righteousness
26,5,"I hate the company of evildoers, and will not sit with the wicked.",-0.8885,hate company evildoers sit wicked,3,Judgment & Righteousness
26,6,"I wash my hands in innocence, and go around your altar, O Lord,",0.3818,wash hands innocence go around altar lord,4,Victory and Power
26,7,"singing aloud a song of thanksgiving, and telling all your wondrous deeds.",0.0,singing aloud song thanksgiving telling wondrous deeds,4,Victory and Power
26,8,"O Lord, I love the house in which you dwell, and the place where your glory abides.",0.8481,lord love house dwell place glory abides,4,Victory and Power
26,9,"Do not sweep me away with sinners, nor my life with the bloodthirsty,",0.0,sweep away sinners life bloodthirsty,3,Judgment & Righteousness
26,10,"those in whose hands are evil devices, and whose right hands are full of bribes.",-0.6597,whose hands evil devices whose right hands full bribes,3,Judgment & Righteousness
26,11,"But as for me, I walk in my integrity; redeem me, and be gracious to me.",0.8519,walk integrity redeem gracious,3,Judgment & Righteousness
26,12,My foot stands on level ground; in the great congregation I will bless the Lord.,0.7845,foot stands level ground great congregation bless lord,4,Victory and Power
27,1,The Lord is my light and my salvation; whom shall I fear? The Lord is the stronghold of my life; of whom shall I be afraid?,-0.4696,lord light salvation shall fear lord stronghold life shall afraid,4,Victory and Power
27,2,When evildoers assail me to devour my flesh— my adversaries and foes— they shall stumble and fall.,-0.6597,evildoers assail devour adversaries shall stumble fall,3,Judgment & Righteousness
27,3,"Though an army encamp against me, my heart shall not fear; though war rise up against me, yet I will be confident.",0.9213,though army encamp heart shall fear though war rise yet confident,0,Hopefulness
27,4,"One thing I asked of the Lord, that will I seek after: to live in the house of the Lord all the days of my life, to behold the beauty of the Lord, and to inquire in his temple.",0.5859,one thing asked lord seek live house lord days life behold beauty lord inquire temple,4,Victory and Power
27,5,For he will hide me in his shelter in the day of trouble; he will conceal me under the cover of his tent; he will set me high on a rock.,-0.5267,hide shelter day trouble conceal cover tent set high rock,1,Poetic Metaphors
27,6,"Now my head is lifted up above my enemies all around me, and I will offer in his tent sacrifices with shouts of joy; I will sing and make melody to the Lord.",0.1531,head lifted enemies around offer tent sacrifices shouts joy sing make melody lord,4,Victory and Power
27,7,"Hear, O Lord, when I cry aloud, be gracious to me and answer me!",0.2003,hear lord cry aloud gracious answer,4,Victory and Power
27,8,"“Come,” my heart says, “seek his face!” Your face, Lord, do I seek.",0.6696,come heart says seek face face lord seek,0,Hopefulness
27,9,"Do not hide your face from me. Do not turn your servant away in anger, you who have been my help. Do not cast me off, do not forsake me, O God of my salvation!",0.2287,hide face turn servant away anger help cast forsake god salvation,3,Judgment & Righteousness
27,10,"If my father and mother forsake me, the Lord will take me up.",0.0,father mother forsake lord take,4,Victory and Power
27,11,"Teach me your way, O Lord, and lead me on a level path because of my enemies.",-0.4939,teach way lord lead level path enemies,4,Victory and Power
27,12,"Do not give me up to the will of my adversaries, for false witnesses have risen against me, and they are breathing out violence.",-0.7269,give adversaries false witnesses risen breathing violence,3,Judgment & Righteousness
27,13,I believe that I shall see the goodness of the Lord in the land of the living.,0.4588,believe shall see goodness lord land living,4,Victory and Power
27,14,"Wait for the Lord; be strong, and let your heart take courage; wait for the Lord!",0.8999,wait lord strong let heart take courage wait lord,0,Hopefulness
28,1,"To you, O Lord, I call; my rock, do not refuse to hear me, for if you are silent to me, I shall be like those who go down to the Pit.",0.5248,lord call rock refuse hear silent shall like go pit,4,Victory and Power
28,2,"Hear the voice of my supplication, as I cry to you for help, as I lift up my hands toward your most holy sanctuary.",-0.1027,hear voice supplication cry help lift hands toward holy sanctuary,4,Victory and Power
28,3,"Do not drag me away with the wicked, with those who are workers of evil, who speak peace with their neighbors, while mischief is in their hearts.",-0.2105,drag away wicked workers evil speak peace neighbors mischief hearts,3,Judgment & Righteousness
28,4,"Repay them according to their work, and according to the evil of their deeds; repay them according to the work of their hands; render them their due reward.",-0.1779,repay according work according evil deeds repay according work hands render due reward,3,Judgment & Righteousness
28,5,"Because they do not regard the works of the Lord, or the work of his hands, he will break them down and build them up no more.",-0.296,regard works lord work hands break build,1,Poetic Metaphors
28,6,"Blessed be the Lord, for he has heard the sound of my pleadings.",0.5994,blessed lord heard sound pleadings,4,Victory and Power
28,7,"The Lord is my strength and my shield; in him my heart trusts; so I am helped, and my heart exults, and with my song I give thanks to him.",0.9559,lord strength shield heart trusts helped heart exults song give thanks,0,Hopefulness
28,8,The Lord is the strength of his people; he is the saving refuge of his anointed.,0.4939,lord strength people saving refuge anointed,4,Victory and Power
28,9,"O save your people, and bless your heritage; be their shepherd, and carry them forever.",0.7184,save people bless heritage shepherd carry forever,0,Hopefulness
29,1,"Ascribe to the Lord, O heavenly beings, ascribe to the Lord glory and strength.",0.8934,ascribe lord heavenly beings ascribe lord glory strength,4,Victory and Power
29,2,Ascribe to the Lord the glory of his name; worship the Lord in holy splendor.,0.8658,ascribe lord glory name worship lord holy splendor,4,Victory and Power
29,3,"The voice of the Lord is over the waters; the God of glory thunders, the Lord, over mighty waters.",0.6808,voice lord waters god glory thunders lord mighty waters,4,Victory and Power
29,4,The voice of the Lord is powerful; the voice of the Lord is full of majesty.,0.4215,voice lord powerful voice lord full majesty,4,Victory and Power
29,5,The voice of the Lord breaks the cedars; the Lord breaks the cedars of Lebanon.,0.0,voice lord breaks cedars lord breaks cedars lebanon,4,Victory and Power
29,6,"He makes Lebanon skip like a calf, and Sirion like a young wild ox.",0.6124,makes lebanon skip like calf sirion like young wild ox,1,Poetic Metaphors
29,7,The voice of the Lord flashes forth flames of fire.,-0.34,voice lord flashes forth flames fire,4,Victory and Power
29,8,The voice of the Lord shakes the wilderness; the Lord shakes the wilderness of Kadesh.,0.0,voice lord shakes wilderness lord shakes wilderness kadesh,4,Victory and Power
29,9,"The voice of the Lord causes the oaks to whirl, and strips the forest bare; and in his temple all say, “Glory!”",0.0,voice lord causes oaks whirl strips forest bare temple say glory,4,Victory and Power
29,10,The Lord sits enthroned over the flood; the Lord sits enthroned as king forever.,0.0,lord sits enthroned flood lord sits enthroned king forever,4,Victory and Power
29,11,May the Lord give strength to his people! May the Lord bless his people with peace!,0.8774,may lord give strength people may lord bless people peace,4,Victory and Power
30,1,"I will extol you, O Lord, for you have drawn me up, and did not let my foes rejoice over me.",0.6575,extol lord drawn let foes rejoice,4,Victory and Power
30,2,"O Lord my God, I cried to you for help, and you have healed me.",0.296,lord god cried help healed,4,Victory and Power
30,3,"O Lord, you brought up my soul from Sheol, restored me to life from among those gone down to the Pit.",0.34,lord brought soul sheol restored life among gone pit,4,Victory and Power
30,4,"Sing praises to the Lord, O you his faithful ones, and give thanks to his holy name.",0.8481,sing praises lord faithful ones give thanks holy name,4,Victory and Power
30,5,"For his anger is but for a moment; his favor is for a lifetime. Weeping may linger for the night, but joy comes with the morning.",0.5499,anger moment favor lifetime weeping may linger night joy comes morning,0,Hopefulness
30,6,"As for me, I said in my prosperity, “I shall never be moved.”",0.0,said prosperity shall never moved,3,Judgment & Righteousness
30,7,"By your favor, O Lord, you had established me as a strong mountain; you hid your face; I was dismayed.",0.4019,favor lord established strong mountain hid face dismayed,2,Protection and Authority
30,8,"To you, O Lord, I cried, and to the Lord I made supplication:",-0.3818,lord cried lord made supplication,4,Victory and Power
30,9,"“What profit is there in my death, if I go down to the Pit? Will the dust praise you? Will it tell of your faithfulness?",0.7219,profit death go pit dust praise tell faithfulness,0,Hopefulness
30,10,"Hear, O Lord, and be gracious to me! O Lord, be my helper!”",0.6351,hear lord gracious lord helper,4,Victory and Power
30,11,"You have turned my mourning into dancing; you have taken off my sackcloth and clothed me with joy,",0.2263,turned mourning dancing taken sackcloth clothed joy,1,Poetic Metaphors
30,12,"so that my soul may praise you and not be silent. O Lord my God, I will give thanks to you forever.",0.8225,soul may praise silent lord god give thanks forever,0,Hopefulness
31,1,"In you, O Lord, I seek refuge; do not let me ever be put to shame; in your righteousness deliver me.",-0.4767,lord seek refuge let ever put shame righteousness deliver,4,Victory and Power
31,2,"Incline your ear to me; rescue me speedily. Be a rock of refuge for me, a strong fortress to save me.",0.8689,incline ear rescue speedily rock refuge strong fortress save,1,Poetic Metaphors
31,3,"You are indeed my rock and my fortress; for your name’s sake lead me and guide me,",0.0,indeed rock fortress name sake lead guide,1,Poetic Metaphors
31,4,"take me out of the net that is hidden for me, for you are my refuge.",0.0,take net hidden refuge,1,Poetic Metaphors
31,5,"Into your hand I commit my spirit; you have redeemed me, O Lord, faithful God.",0.9081,hand commit spirit redeemed lord faithful god,4,Victory and Power
31,6,"You hate those who pay regard to worthless idols, but I trust in the Lord.",0.2382,hate pay regard worthless idols trust lord,3,Judgment & Righteousness
31,7,"I will exult and rejoice in your steadfast love, because you have seen my affliction; you have taken heed of my adversities,",0.765,exult rejoice steadfast love seen affliction taken heed adversities,0,Hopefulness
31,8,and have not delivered me into the hand of the enemy; you have set my feet in a broad place.,-0.0772,delivered hand enemy set feet broad place,1,Poetic Metaphors
31,9,"Be gracious to me, O Lord, for I am in distress; my eye wastes away from grief, my soul and body also.",-0.4588,gracious lord distress eye wastes away grief soul body also,0,Hopefulness
31,10,"For my life is spent with sorrow, and my years with sighing; my strength fails because of my misery, and my bones waste away.",-0.8591,life spent sorrow years sighing strength fails misery bones waste away,0,Hopefulness
31,11,"I am the scorn of all my adversaries, a horror to my neighbors, an object of dread to my acquaintances; those who see me in the street flee from me.",-0.886,scorn adversaries horror neighbors object dread acquaintances see street flee,3,Judgment & Righteousness
31,12,I have passed out of mind like one who is dead; I have become like a broken vessel.,-0.5267,passed mind like one dead become like broken vessel,1,Poetic Metaphors
31,13,"For I hear the whispering of many— terror all around!— as they scheme together against me, as they plot to take my life.",-0.5707,hear whispering terror around scheme together plot take life,1,Poetic Metaphors
31,14,"But I trust in you, O Lord; I say, “You are my God.”",0.6652,trust lord say god,4,Victory and Power
31,15,My times are in your hand; deliver me from the hand of my enemies and persecutors.,0.4939,times hand deliver hand enemies persecutors,3,Judgment & Righteousness
31,16,Let your face shine upon your servant; save me in your steadfast love.,0.8555,let face shine upon servant save steadfast love,0,Hopefulness
31,17,"Do not let me be put to shame, O Lord, for I call on you; let the wicked be put to shame; let them go dumbfounded to Sheol.",-0.9042,let put shame lord call let wicked put shame let go dumbfounded sheol,3,Judgment & Righteousness
31,18,Let the lying lips be stilled that speak insolently against the righteous with pride and contempt.,-0.7003,let lying lips stilled speak insolently righteous pride contempt,3,Judgment & Righteousness
31,19,"O how abundant is your goodness that you have laid up for those who fear you, and accomplished for those who take refuge in you, in the sight of everyone!",0.4574,abundant goodness laid fear accomplished take refuge sight everyone,3,Judgment & Righteousness
31,20,In the shelter of your presence you hide them from human plots; you hold them safe under your shelter from contentious tongues.,0.0,shelter presence hide human plots hold safe shelter contentious tongues,1,Poetic Metaphors
31,21,"Blessed be the Lord, for he has wondrously shown his steadfast love to me when I was beset as a city under siege.",0.8779,blessed lord wondrously shown steadfast love beset city siege,4,Victory and Power
31,22,"I had said in my alarm, “I am driven far from your sight.” But you heard my supplications when I cried out to you for help.",-0.1406,said alarm driven far heard supplications cried help,1,Poetic Metaphors
31,23,"Love the Lord, all you his saints. The Lord preserves the faithful, but abundantly repays the one who acts haughtily.",0.5499,love lord saints lord preserves faithful abundantly repays one acts haughtily,0,Hopefulness
31,24,"Be strong, and let your heart take courage, all you who wait for the Lord.",0.8934,strong let heart take courage wait lord,0,Hopefulness
32,1,"Happy are those whose transgression is forgiven, whose sin is covered.",0.4019,happy whose transgression forgiven whose sin covered,0,Hopefulness
32,2,"Happy are those to whom the Lord imputes no iniquity, and in whose spirit there is no deceit.",0.6888,happy lord imputes iniquity whose spirit deceit,3,Judgment & Righteousness
32,3,"While I kept silence, my body wasted away through my groaning all day long.",-0.4939,kept silence body wasted away groaning day long,1,Poetic Metaphors
32,4,For day and night your hand was heavy upon me; my strength was dried up as by the heat of summer.Selah,0.7506,day night hand heavy upon strength dried heat,1,Poetic Metaphors
32,5,"Then I acknowledged my sin to you, and I did not hide my iniquity; I said, “I will confess my transgressions to the Lord,” and you forgave the guilt of my sin.Selah",-0.418,acknowledged sin hide iniquity said confess transgressions lord forgave guilt,3,Judgment & Righteousness
32,6,"Therefore let all who are faithful offer prayer to you; at a time of distress, the rush of mighty waters shall not reach them.",-0.1466,therefore let faithful offer prayer time distress rush mighty waters shall reach,0,Hopefulness
32,7,You are a hiding place for me; you preserve me from trouble; you surround me with glad cries of deliverance.Selah,-0.5574,hiding place preserve trouble surround glad cries,1,Poetic Metaphors
32,8,I will instruct you and teach you the way you should go; I will counsel you with my eye upon you.,0.0,instruct teach way go counsel eye upon,3,Judgment & Righteousness
32,9,"Do not be like a horse or a mule, without understanding, whose temper must be curbed with bit and bridle, else it will not stay near you.",0.0572,like horse mule without understanding whose temper must curbed bit bridle else stay near,3,Judgment & Righteousness
32,10,"Many are the torments of the wicked, but steadfast love surrounds those who trust in the Lord.",0.9109,many torments wicked steadfast love surrounds trust lord,0,Hopefulness
32,11,"Be glad in the Lord and rejoice, O righteous, and shout for joy, all you upright in heart.",0.9313,glad lord rejoice righteous shout joy upright heart,0,Hopefulness
33,1,"Rejoice in the Lord, O you righteous. Praise befits the upright.",0.7579,rejoice lord righteous praise befits upright,4,Victory and Power
33,2,Praise the Lord with the lyre; make melody to him with the harp of ten strings.,0.5574,praise lord lyre make melody harp ten strings,4,Victory and Power
33,3,"Sing to him a new song; play skillfully on the strings, with loud shouts.",0.34,sing new song play skillfully strings loud shouts,1,Poetic Metaphors
33,4,"For the word of the Lord is upright, and all his work is done in faithfulness.",0.4404,word lord upright work done faithfulness,0,Hopefulness
33,5,He loves righteousness and justice; the earth is full of the steadfast love of the Lord.,0.9231,loves righteousness justice earth full steadfast love lord,0,Hopefulness
33,6,"By the word of the Lord the heavens were made, and all their host by the breath of his mouth.",0.4019,word lord heavens made host breath mouth,4,Victory and Power
33,7,He gathered the waters of the sea as in a bottle; he put the deeps in storehouses.,0.0,gathered waters sea bottle put deeps storehouses,1,Poetic Metaphors
33,8,Let all the earth fear the Lord; let all the inhabitants of the world stand in awe of him.,-0.4939,let earth fear lord let inhabitants world stand awe,4,Victory and Power
33,9,"For he spoke, and it came to be; he commanded, and it stood firm.",0.0,spoke came commanded stood firm,1,Poetic Metaphors
33,10,The Lord brings the counsel of the nations to nothing; he frustrates the plans of the peoples.,0.3412,lord brings counsel nations nothing frustrates plans peoples,4,Victory and Power
33,11,"The counsel of the Lord stands forever, the thoughts of his heart to all generations.",0.6369,counsel lord stands forever thoughts heart generations,0,Hopefulness
33,12,"Happy is the nation whose God is the Lord, the people whom he has chosen as his heritage.",0.7003,happy nation whose god lord people chosen heritage,2,Protection and Authority
33,13,The Lord looks down from heaven; he sees all humankind.,0.5106,lord looks heaven sees humankind,4,Victory and Power
33,14,From where he sits enthroned he watches all the inhabitants of the earth—,0.0,sits enthroned watches inhabitants,1,Poetic Metaphors
33,15,"he who fashions the hearts of them all, and observes all their deeds.",0.6486,fashions hearts observes deeds,0,Hopefulness
33,16,A king is not saved by his great army; a warrior is not delivered by his great strength.,0.877,king saved great army warrior delivered great strength,2,Protection and Authority
33,17,"The war horse is a vain hope for victory, and by its great might it cannot save.",-0.3244,war horse vain hope victory great might save,1,Poetic Metaphors
33,18,"Truly the eye of the Lord is on those who fear him, on those who hope in his steadfast love,",0.8316,truly eye lord fear hope steadfast love,0,Hopefulness
33,19,"to deliver their soul from death, and to keep them alive in famine.",-0.3182,deliver soul death keep alive famine,0,Hopefulness
33,20,Our soul waits for the Lord; he is our help and shield.,0.4019,soul waits lord help shield,4,Victory and Power
33,21,"Our heart is glad in him, because we trust in his holy name.",0.8885,heart glad trust holy name,0,Hopefulness
33,22,"Let your steadfast love, O Lord, be upon us, even as we hope in you.",0.8442,let steadfast love lord upon us even hope,0,Hopefulness
34,1,I will bless the Lord at all times; his praise shall continually be in my mouth.,0.7506,bless lord times praise shall continually mouth,4,Victory and Power
34,2,My soul makes its boast in the Lord; let the humble hear and be glad.,0.4588,soul makes boast lord let humble hear glad,4,Victory and Power
34,3,"O magnify the Lord with me, and let us exalt his name together.",0.0,magnify lord let us exalt name together,4,Victory and Power
34,4,"I sought the Lord, and he answered me, and delivered me from all my fears.",-0.4215,sought lord answered delivered fears,4,Victory and Power
34,5,"Look to him, and be radiant; so your faces shall never be ashamed.",0.6862,look radiant faces shall never ashamed,3,Judgment & Righteousness
34,6,"This poor soul cried, and was heard by the Lord, and was saved from every trouble.",-0.6808,poor soul cried heard lord saved every trouble,4,Victory and Power
34,7,"The angel of the Lord encamps around those who fear him, and delivers them.",-0.4939,angel lord encamps around fear delivers,4,Victory and Power
34,8,O taste and see that the Lord is good; happy are those who take refuge in him.,0.765,taste see lord good happy take refuge,4,Victory and Power
34,9,"O fear the Lord, you his holy ones, for those who fear him have no want.",-0.7665,fear lord holy ones fear want,4,Victory and Power
34,10,"The young lions suffer want and hunger, but those who seek the Lord lack no good thing.",-0.8252,young lions suffer want hunger seek lord lack good thing,4,Victory and Power
34,11,"Come, O children, listen to me; I will teach you the fear of the Lord.",-0.4939,come children listen teach fear lord,4,Victory and Power
34,12,"Which of you desires life, and covets many days to enjoy good?",0.7269,desires life covets many days enjoy good,0,Hopefulness
34,13,"Keep your tongue from evil, and your lips from speaking deceit.",-0.8126,keep tongue evil lips speaking deceit,3,Judgment & Righteousness
34,14,"Depart from evil, and do good; seek peace, and pursue it.",0.25,depart evil good seek peace pursue,3,Judgment & Righteousness
34,15,"The eyes of the Lord are on the righteous, and his ears are open to their cry.",-0.4767,eyes lord righteous ears open cry,4,Victory and Power
34,16,"The face of the Lord is against evildoers, to cut off the remembrance of them from the earth.",-0.6705,face lord evildoers cut remembrance earth,4,Victory and Power
34,17,"When the righteous cry for help, the Lord hears, and rescues them from all their troubles.",-0.2732,righteous cry help lord hears rescues troubles,4,Victory and Power
34,18,"The Lord is near to the brokenhearted, and saves the crushed in spirit.",-0.2732,lord near brokenhearted saves crushed spirit,4,Victory and Power
34,19,"Many are the afflictions of the righteous, but the Lord rescues them from them all.",0.4497,many afflictions righteous lord rescues,4,Victory and Power
34,20,He keeps all their bones; not one of them will be broken.,-0.4767,keeps bones one broken,1,Poetic Metaphors
34,21,"Evil brings death to the wicked, and those who hate the righteous will be condemned.",-0.9601,evil brings death wicked hate righteous condemned,3,Judgment & Righteousness
34,22,The Lord redeems the life of his servants; none of those who take refuge in him will be condemned.,-0.4404,lord redeems life servants none take refuge condemned,4,Victory and Power
35,1,"Contend, O Lord, with those who contend with me; fight against those who fight against me!",-0.6239,contend lord contend fight fight,4,Victory and Power
35,2,"Take hold of shield and buckler, and rise up to help me!",0.4574,take hold shield buckler rise help,1,Poetic Metaphors
35,3,"Draw the spear and javelin against my pursuers; say to my soul, “I am your salvation.”",0.0,draw spear javelin pursuers say soul salvation,3,Judgment & Righteousness
35,4,Let them be put to shame and dishonor who seek after my life. Let them be turned back and confounded who devise evil against me.,-0.8176,let put shame dishonor seek life let turned back confounded devise evil,3,Judgment & Righteousness
35,5,"Let them be like chaff before the wind, with the angel of the Lord driving them on.",0.3612,let like chaff wind angel lord driving,4,Victory and Power
35,6,"Let their way be dark and slippery, with the angel of the Lord pursuing them.",0.0,let way dark slippery angel lord pursuing,4,Victory and Power
35,7,For without cause they hid their net for me; without cause they dug a pit for my life.,0.0762,without cause hid net without cause dug pit life,1,Poetic Metaphors
35,8,Let ruin come on them unawares. And let the net that they hid ensnare them; let them fall in it—to their ruin.,-0.8402,let ruin come unawares let net hid ensnare let fall ruin,1,Poetic Metaphors
35,9,"Then my soul shall rejoice in the Lord, exulting in his deliverance.",0.4404,soul shall rejoice lord exulting deliverance,4,Victory and Power
35,10,"All my bones shall say, “O Lord, who is like you? You deliver the weak from those too strong for them, the weak and needy from those who despoil them.”",-0.34,bones shall say lord like deliver weak strong weak needy despoil,4,Victory and Power
35,11,Malicious witnesses rise up; they ask me about things I do not know.,0.0,malicious witnesses rise ask things know,3,Judgment & Righteousness
35,12,They repay me evil for good; my soul is forlorn.,-0.3612,repay evil good soul forlorn,3,Judgment & Righteousness
35,13,"But as for me, when they were sick, I wore sackcloth; I afflicted myself with fasting. I prayed with head bowed on my bosom,",-0.8271,sick wore sackcloth afflicted fasting prayed head bowed bosom,1,Poetic Metaphors
35,14,"as though I grieved for a friend or a brother; I went about as one who laments for a mother, bowed down and in mourning.",-0.6369,though grieved friend brother went one laments mother bowed mourning,1,Poetic Metaphors
35,15,"But at my stumbling they gathered in glee, they gathered together against me; ruffians whom I did not know tore at me without ceasing;",0.7783,stumbling gathered glee gathered together ruffians know tore without ceasing,1,Poetic Metaphors
35,16,"they impiously mocked more and more, gnashing at me with their teeth.",-0.3182,impiously mocked gnashing teeth,3,Judgment & Righteousness
35,17,"How long, O Lord, will you look on? Rescue me from their ravages, my life from the lions!",0.5562,long lord look rescue ravages life lions,4,Victory and Power
35,18,Then I will thank you in the great congregation; in the mighty throng I will praise you.,0.8807,thank great congregation mighty throng praise,4,Victory and Power
35,19,"Do not let my treacherous enemies rejoice over me, or those who hate me without cause wink the eye.",-0.6124,let treacherous enemies rejoice hate without cause wink eye,3,Judgment & Righteousness
35,20,"For they do not speak peace, but they conceive deceitful words against those who are quiet in the land.",-0.698,speak peace conceive deceitful words quiet land,3,Judgment & Righteousness
35,21,"They open wide their mouths against me; they say, “Aha, Aha, our eyes have seen it.”",0.0,open wide mouths say aha aha eyes seen,1,Poetic Metaphors
35,22,"You have seen, O Lord; do not be silent! O Lord, do not be far from me!",0.0,seen lord silent lord far,4,Victory and Power
35,23,"Wake up! Bestir yourself for my defense, for my cause, my God and my Lord!",0.4912,wake bestir defense cause god lord,4,Victory and Power
35,24,"Vindicate me, O Lord, my God, according to your righteousness, and do not let them rejoice over me.",-0.0015,vindicate lord god according righteousness let rejoice,4,Victory and Power
35,25,"Do not let them say to themselves, “Aha, we have our heart’s desire.” Do not let them say, “We have swallowed you up.”",0.0,let say aha heart let say swallowed,1,Poetic Metaphors
35,26,Let all those who rejoice at my calamity be put to shame and confusion; let those who exalt themselves against me be clothed with shame and dishonor.,-0.6705,let rejoice calamity put shame confusion let exalt clothed shame dishonor,3,Judgment & Righteousness
35,27,"Let those who desire my vindication shout for joy and be glad, and say evermore, “Great is the Lord, who delights in the welfare of his servant.”",0.91,let desire vindication shout joy glad say evermore great lord delights welfare servant,4,Victory and Power
35,28,Then my tongue shall tell of your righteousness and of your praise all day long.,0.5574,tongue shall tell righteousness praise day long,0,Hopefulness
36,1,Transgression speaks to the wicked deep in their hearts; there is no fear of God before their eyes.,0.6836,transgression speaks wicked deep hearts fear god eyes,3,Judgment & Righteousness
36,2,For they flatter themselves in their own eyes that their iniquity cannot be found out and hated.,-0.5859,flatter eyes iniquity found hated,3,Judgment & Righteousness
36,3,The words of their mouths are mischief and deceit; they have ceased to act wisely and do good.,0.0516,words mouths mischief deceit ceased act wisely good,3,Judgment & Righteousness
36,4,They plot mischief while on their beds; they are set on a way that is not good; they do not reject evil.,0.2187,plot mischief beds set way good reject evil,3,Judgment & Righteousness
36,5,"Your steadfast love, O Lord, extends to the heavens, your faithfulness to the clouds.",0.9062,steadfast love lord extends heavens faithfulness clouds,0,Hopefulness
36,6,"Your righteousness is like the mighty mountains, your judgments are like the great deep; you save humans and animals alike, O Lord.",0.9062,righteousness like mighty mountains judgments like great deep save humans animals alike lord,4,Victory and Power
36,7,"How precious is your steadfast love, O God! All people may take refuge in the shadow of your wings.",0.906,precious steadfast love god people may take refuge shadow wings,0,Hopefulness
36,8,"They feast on the abundance of your house, and you give them drink from the river of your delights.",0.4588,feast abundance house give drink river delights,1,Poetic Metaphors
36,9,For with you is the fountain of life; in your light we see light.,0.0,fountain life light see light,1,Poetic Metaphors
36,10,"O continue your steadfast love to those who know you, and your salvation to the upright of heart!",0.8932,continue steadfast love know salvation upright heart,0,Hopefulness
36,11,"Do not let the foot of the arrogant tread on me, or the hand of the wicked drive me away.",-0.5267,let foot arrogant tread hand wicked drive away,3,Judgment & Righteousness
36,12,"There the evildoers lie prostrate; they are thrust down, unable to rise.",-0.5267,evildoers lie prostrate thrust unable rise,3,Judgment & Righteousness
37,1,"Do not fret because of the wicked; do not be envious of wrongdoers,",-0.379,fret wicked envious wrongdoers,3,Judgment & Righteousness
37,2,"for they will soon fade like the grass, and wither like the green herb.",0.6124,soon fade like grass wither like green herb,1,Poetic Metaphors
37,3,"Trust in the Lord, and do good; so you will live in the land, and enjoy security.",0.8957,trust lord good live land enjoy security,4,Victory and Power
37,4,"Take delight in the Lord, and he will give you the desires of your heart.",0.8442,take delight lord give desires heart,0,Hopefulness
37,5,"Commit your way to the Lord; trust in him, and he will act.",0.6705,commit way lord trust act,4,Victory and Power
37,6,"He will make your vindication shine like the light, and the justice of your cause like the noonday.",0.8126,make vindication shine like light justice cause like noonday,3,Judgment & Righteousness
37,7,"Be still before the Lord, and wait patiently for him; do not fret over those who prosper in their way, over those who carry out evil devices.",-0.6597,still lord wait patiently fret prosper way carry evil devices,4,Victory and Power
37,8,"Refrain from anger, and forsake wrath. Do not fret—it leads only to evil.",-0.8442,refrain anger forsake wrath leads evil,3,Judgment & Righteousness
37,9,"For the wicked shall be cut off, but those who wait for the Lord shall inherit the land.",-0.4118,wicked shall cut wait lord shall inherit land,4,Victory and Power
37,10,"Yet a little while, and the wicked will be no more; though you look diligently for their place, they will not be there.",-0.6808,yet little wicked though look diligently place,3,Judgment & Righteousness
37,11,"But the meek shall inherit the land, and delight themselves in abundant prosperity.",0.7469,meek shall inherit land delight abundant prosperity,2,Protection and Authority
37,12,"The wicked plot against the righteous, and gnash their teeth at them;",-0.5267,wicked plot righteous gnash teeth,3,Judgment & Righteousness
37,13,"but the Lord laughs at the wicked, for he sees that their day is coming.",-0.0772,lord laughs wicked sees day coming,4,Victory and Power
37,14,"The wicked draw the sword and bend their bows to bring down the poor and needy, to kill those who walk uprightly;",-0.9274,wicked draw sword bend bows bring poor needy kill walk uprightly,1,Poetic Metaphors
37,15,"their sword shall enter their own heart, and their bows shall be broken.",0.2732,sword shall enter heart bows shall broken,0,Hopefulness
37,16,Better is a little that the righteous person has than the abundance of many wicked.,-0.128,better little righteous person abundance many wicked,3,Judgment & Righteousness
37,17,"For the arms of the wicked shall be broken, but the Lord upholds the righteous.",-0.5023,arms wicked shall broken lord upholds righteous,4,Victory and Power
37,18,"The Lord knows the days of the blameless, and their heritage will abide forever;",0.1779,lord knows days blameless heritage abide forever,2,Protection and Authority
37,19,"they are not put to shame in evil times, in the days of famine they have abundance.",-0.4303,put shame evil times days famine abundance,3,Judgment & Righteousness
37,20,"But the wicked perish, and the enemies of the Lord are like the glory of the pastures; they vanish—like smoke they vanish away.",-0.2263,wicked perish enemies lord like glory pastures smoke vanish away,3,Judgment & Righteousness
37,21,"The wicked borrow, and do not pay back, but the righteous are generous and keep giving;",0.7578,wicked borrow pay back righteous generous keep giving,3,Judgment & Righteousness
37,22,"for those blessed by the Lord shall inherit the land, but those cursed by him shall be cut off.",-0.0516,blessed lord shall inherit land cursed shall cut,4,Victory and Power
37,23,"Our steps are made firm by the Lord, when he delights in our way;",0.4588,steps made firm lord delights way,4,Victory and Power
37,24,"though we stumble, we shall not fall headlong, for the Lord holds us by the hand.",0.4939,though stumble shall fall headlong lord holds us hand,4,Victory and Power
37,25,"I have been young, and now am old, yet I have not seen the righteous forsaken or their children begging bread.",0.0,young old yet seen righteous forsaken children begging bread,3,Judgment & Righteousness
37,26,"They are ever giving liberally and lending, and their children become a blessing.",0.6808,ever giving liberally lending children become blessing,0,Hopefulness
37,27,"Depart from evil, and do good; so you shall abide forever.",-0.3612,depart evil good shall abide forever,3,Judgment & Righteousness
37,28,"For the Lord loves justice; he will not forsake his faithful ones. The righteous shall be kept safe forever, but the children of the wicked shall be cut off.",-0.5351,lord loves justice forsake faithful ones righteous shall kept safe forever children wicked shall cut,4,Victory and Power
37,29,"The righteous shall inherit the land, and live in it forever.",0.0,righteous shall inherit land live forever,0,Hopefulness
37,30,"The mouths of the righteous utter wisdom, and their tongues speak justice.",0.796,mouths righteous utter wisdom tongues speak justice,3,Judgment & Righteousness
37,31,The law of their God is in their hearts; their steps do not slip.,0.7506,law god hearts steps slip,0,Hopefulness
37,32,"The wicked watch for the righteous, and seek to kill them.",-0.8442,wicked watch righteous seek kill,3,Judgment & Righteousness
37,33,"The Lord will not abandon them to their power, or let them be condemned when they are brought to trial.",-0.1265,lord abandon power let condemned brought trial,3,Judgment & Righteousness
37,34,"Wait for the Lord, and keep to his way, and he will exalt you to inherit the land; you will look on the destruction of the wicked.",-0.7964,wait lord keep way exalt inherit land look destruction wicked,4,Victory and Power
37,35,"I have seen the wicked oppressing, and towering like a cedar of Lebanon.",-0.2263,seen wicked oppressing towering like cedar lebanon,2,Protection and Authority
37,36,"Again I passed by, and they were no more; though I sought them, they could not be found.",-0.296,passed though sought could found,1,Poetic Metaphors
37,37,"Mark the blameless, and behold the upright, for there is posterity for the peaceable.",0.5267,mark blameless behold upright posterity peaceable,3,Judgment & Righteousness
37,38,But transgressors shall be altogether destroyed; the posterity of the wicked shall be cut off.,-0.9109,transgressors shall altogether destroyed posterity wicked shall cut,3,Judgment & Righteousness
37,39,The salvation of the righteous is from the Lord; he is their refuge in the time of trouble.,-0.4019,salvation righteous lord refuge time trouble,4,Victory and Power
37,40,"The Lord helps them and rescues them; he rescues them from the wicked, and saves them, because they take refuge in him.",0.4215,lord helps rescues rescues wicked saves take refuge,4,Victory and Power
38,1,"O Lord, do not rebuke me in your anger, or discipline me in your wrath.",-0.5719,lord rebuke anger discipline wrath,3,Judgment & Righteousness
38,2,"For your arrows have sunk into me, and your hand has come down on me.",0.4939,arrows sunk hand come,1,Poetic Metaphors
38,3,There is no soundness in my flesh because of your indignation; there is no health in my bones because of my sin.,-0.886,soundness flesh indignation health bones sin,1,Poetic Metaphors
38,4,For my iniquities have gone over my head; they weigh like a burden too heavy for me.,-0.1027,iniquities gone head weigh like burden heavy,1,Poetic Metaphors
38,5,My wounds grow foul and fester because of my foolishness;,-0.4215,wounds grow foul fester foolishness,3,Judgment & Righteousness
38,6,I am utterly bowed down and prostrate; all day long I go around mourning.,-0.4404,utterly bowed prostrate day long go around mourning,1,Poetic Metaphors
38,7,"For my loins are filled with burning, and there is no soundness in my flesh.",-0.296,loins filled burning soundness flesh,1,Poetic Metaphors
38,8,I am utterly spent and crushed; I groan because of the tumult of my heart.,0.2815,utterly spent crushed groan tumult heart,1,Poetic Metaphors
38,9,"O Lord, all my longing is known to you; my sighing is not hidden from you.",-0.0258,lord longing known sighing hidden,4,Victory and Power
38,10,"My heart throbs, my strength fails me; as for the light of my eyes—it also has gone from me.",0.6808,heart throbs strength fails light also gone,1,Poetic Metaphors
38,11,"My friends and companions stand aloof from my affliction, and my neighbors stand far off.",0.4767,friends companions stand aloof affliction neighbors stand far,1,Poetic Metaphors
38,12,"Those who seek my life lay their snares; those who seek to hurt me speak of ruin, and meditate treachery all day long.",-0.802,seek life lay snares seek hurt speak ruin meditate treachery day long,0,Hopefulness
38,13,"But I am like the deaf, I do not hear; like the mute, who cannot speak.",0.1494,like deaf hear like mute speak,1,Poetic Metaphors
38,14,"Truly, I am like one who does not hear, and in whose mouth is no retort.",0.4939,truly like one hear whose mouth retort,3,Judgment & Righteousness
38,15,"But it is for you, O Lord, that I wait; it is you, O Lord my God, who will answer.",0.3919,lord wait lord god answer,4,Victory and Power
38,16,"For I pray, “Only do not let them rejoice over me, those who boast against me when my foot slips.”",-0.0274,pray let rejoice boast foot slips,1,Poetic Metaphors
38,17,"For I am ready to fall, and my pain is ever with me.",-0.2023,ready fall pain ever,1,Poetic Metaphors
38,18,I confess my iniquity; I am sorry for my sin.,-0.5994,confess iniquity sorry sin,3,Judgment & Righteousness
38,19,"Those who are my foes without cause are mighty, and many are those who hate me wrongfully.",-0.7717,foes without cause mighty many hate wrongfully,3,Judgment & Righteousness
38,20,Those who render me evil for good are my adversaries because I follow after good.,-0.1531,render evil good adversaries follow good,3,Judgment & Righteousness
38,21,"Do not forsake me, O Lord; O my God, do not be far from me;",0.2732,forsake lord god far,4,Victory and Power
38,22,"make haste to help me, O Lord, my salvation.",0.4019,make haste help lord salvation,4,Victory and Power
39,1,"I said, “I will guard my ways that I may not sin with my tongue; I will keep a muzzle on my mouth as long as the wicked are in my presence.”",-0.122,said guard ways may sin tongue keep muzzle mouth long wicked presence,3,Judgment & Righteousness
39,2,"I was silent and still; I held my peace to no avail; my distress grew worse,",-0.6369,silent still held peace avail distress grew worse,3,Judgment & Righteousness
39,3,"my heart became hot within me. While I mused, the fire burned; then I spoke with my tongue:",0.4215,heart became hot within mused fire burned spoke tongue,1,Poetic Metaphors
39,4,"“Lord, let me know my end, and what is the measure of my days; let me know how fleeting my life is.",0.0,lord let know end measure days let know fleeting life,0,Hopefulness
39,5,"You have made my days a few handbreadths, and my lifetime is as nothing in your sight. Surely everyone stands as a mere breath.Selah",0.4404,made days handbreadths lifetime nothing sight surely everyone stands mere,1,Poetic Metaphors
39,6,"Surely everyone goes about like a shadow. Surely for nothing they are in turmoil; they heap up, and do not know who will gather.",0.7003,surely everyone goes like shadow surely nothing turmoil heap know gather,1,Poetic Metaphors
39,7,"“And now, O Lord, what do I wait for? My hope is in you.",0.4404,lord wait hope,4,Victory and Power
39,8,Deliver me from all my transgressions. Do not make me the scorn of the fool.,-0.6808,deliver transgressions make scorn fool,3,Judgment & Righteousness
39,9,"I am silent; I do not open my mouth, for it is you who have done it.",0.0,silent open mouth done,1,Poetic Metaphors
39,10,Remove your stroke from me; I am worn down by the blows of your hand.,0.25,remove stroke worn blows hand,1,Poetic Metaphors
39,11,"“You chastise mortals in punishment for sin, consuming like a moth what is dear to them; surely everyone is a mere breath.Selah",-0.5106,chastise mortals punishment sin consuming like moth dear surely everyone mere,3,Judgment & Righteousness
39,12,"“Hear my prayer, O Lord, and give ear to my cry; do not hold your peace at my tears. For I am your passing guest, an alien, like all my forebears.",-0.6542,hear prayer lord give ear cry hold peace tears passing guest alien like forebears,4,Victory and Power
39,13,"Turn your gaze away from me, that I may smile again, before I depart and am no more.”",0.0772,turn gaze away may smile depart,1,Poetic Metaphors
40,1,I waited patiently for the Lord; he inclined to me and heard my cry.,-0.4767,waited patiently lord inclined heard cry,4,Victory and Power
40,2,"He drew me up from the desolate pit, out of the miry bog, and set my feet upon a rock, making my steps secure.",0.34,drew desolate pit miry bog set feet upon rock making steps secure,1,Poetic Metaphors
40,3,"He put a new song in my mouth, a song of praise to our God. Many will see and fear, and put their trust in the Lord.",0.7003,put new song mouth song praise god many see fear put trust lord,4,Victory and Power
40,4,"Happy are those who make the Lord their trust, who do not turn to the proud, to those who go astray after false gods.",0.8779,happy make lord trust turn proud go astray false gods,4,Victory and Power
40,5,"You have multiplied, O Lord my God, your wondrous deeds and your thoughts toward us; none can compare with you. Were I to proclaim and tell of them, they would be more than can be counted.",0.2732,multiplied lord god wondrous deeds thoughts toward us none compare proclaim tell would counted,4,Victory and Power
40,6,"Sacrifice and offering you do not desire, but you have given me an open ear. Burnt offering and sin offering you have not required.",-0.76,sacrifice offering desire given open ear burnt offering sin offering required,0,Hopefulness
40,8,"I delight to do your will, O my God; your law is within my heart.”",0.7184,delight god law within heart,0,Hopefulness
40,9,"I have told the glad news of deliverance in the great congregation; see, I have not restrained my lips, as you know, O Lord.",0.7964,told glad news deliverance great congregation see restrained lips know lord,4,Victory and Power
40,10,"I have not hidden your saving help within my heart, I have spoken of your faithfulness and your salvation; I have not concealed your steadfast love and your faithfulness from the great congregation.",0.965,hidden saving help within heart spoken faithfulness salvation concealed steadfast love faithfulness great congregation,0,Hopefulness
40,11,"Do not, O Lord, withhold your mercy from me; let your steadfast love and your faithfulness keep me safe forever.",0.926,lord withhold mercy let steadfast love faithfulness keep safe forever,0,Hopefulness
40,12,"For evils have encompassed me without number; my iniquities have overtaken me, until I cannot see; they are more than the hairs of my head, and my heart fails me.",-0.3658,evils encompassed without number iniquities overtaken see hairs head heart fails,3,Judgment & Righteousness
40,13,"Be pleased, O Lord, to deliver me; O Lord, make haste to help me.",0.6808,pleased lord deliver lord make haste help,4,Victory and Power
40,14,Let all those be put to shame and confusion who seek to snatch away my life; let those be turned back and brought to dishonor who desire my hurt.,-0.7184,let put shame confusion seek snatch away life let turned back brought dishonor desire hurt,3,Judgment & Righteousness
40,15,"Let those be appalled because of their shame who say to me, “Aha, Aha!”",-0.75,let appalled shame say aha aha,3,Judgment & Righteousness
40,16,"But may all who seek you rejoice and be glad in you; may those who love your salvation say continually, “Great is the Lord!”",0.9427,may seek rejoice glad may love salvation say continually great lord,0,Hopefulness
40,17,"As for me, I am poor and needy, but the Lord takes thought for me. You are my help and my deliverer; do not delay, O my God.",0.7089,poor needy lord takes thought help deliverer delay god,4,Victory and Power
41,1,Happy are those who consider the poor; the Lord delivers them in the day of trouble.,-0.2732,happy consider poor lord delivers day trouble,4,Victory and Power
41,2,The Lord protects them and keeps them alive; they are called happy in the land. You do not give them up to the will of their enemies.,0.6597,lord protects keeps alive called happy land give enemies,4,Victory and Power
41,3,The Lord sustains them on their sickbed; in their illness you heal all their infirmities.,-0.4019,lord sustains sickbed illness heal infirmities,4,Victory and Power
41,4,"As for me, I said, “O Lord, be gracious to me; heal me, for I have sinned against you.”",0.5574,said lord gracious heal sinned,4,Victory and Power
41,5,"My enemies wonder in malice when I will die, and my name perish.",-0.7964,enemies wonder malice die name perish,3,Judgment & Righteousness
41,6,"And when they come to see me, they utter empty words, while their hearts gather mischief; when they go out, they tell it abroad.",0.1796,come see utter empty words hearts gather mischief go tell abroad,3,Judgment & Righteousness
41,7,All who hate me whisper together about me; they imagine the worst for me.,-0.8316,hate whisper together imagine worst,1,Poetic Metaphors
41,8,"They think that a deadly thing has fastened on me, that I will not rise again from where I lie.",0.0,think deadly thing fastened rise lie,1,Poetic Metaphors
41,9,"Even my bosom friend in whom I trusted, who ate of my bread, has lifted the heel against me.",0.743,even bosom friend trusted ate bread lifted heel,1,Poetic Metaphors
41,10,"But you, O Lord, be gracious to me, and raise me up, that I may repay them.",0.7096,lord gracious raise may repay,4,Victory and Power
41,11,By this I know that you are pleased with me; because my enemy has not triumphed over me.,-0.4986,know pleased enemy triumphed,3,Judgment & Righteousness
41,12,"But you have upheld me because of my integrity, and set me in your presence forever.",0.5267,upheld integrity set presence forever,3,Judgment & Righteousness
41,13,"Blessed be the Lord, the God of Israel, from everlasting to everlasting. Amen and Amen.",0.7184,blessed lord god israel everlasting everlasting amen amen,2,Protection and Authority
42,1,"As a deer longs for flowing streams, so my soul longs for you, O God.",0.2732,deer longs flowing streams soul longs god,1,Poetic Metaphors
42,2,"My soul thirsts for God, for the living God. When shall I come and behold the face of God?",0.6486,soul thirsts god living god shall come behold face god,4,Victory and Power
42,3,"My tears have been my food day and night, while people say to me continually, “Where is your God?”",-0.2263,tears food day night people say continually god,0,Hopefulness
42,4,"These things I remember, as I pour out my soul: how I went with the throng, and led them in procession to the house of God, with glad shouts and songs of thanksgiving, a multitude keeping festival.",0.8074,things remember pour soul went throng led procession house god glad shouts songs thanksgiving multitude keeping festival,4,Victory and Power
42,5,"Why are you cast down, O my soul, and why are you disquieted within me? Hope in God; for I shall again praise him, my help",0.8834,cast soul disquieted within hope god shall praise help,4,Victory and Power
42,6,"and my God. My soul is cast down within me; therefore I remember you from the land of Jordan and of Hermon, from Mount Mizar.",0.2732,god soul cast within therefore remember land jordan hermon mount mizar,2,Protection and Authority
42,7,Deep calls to deep at the thunder of your cataracts; all your waves and your billows have gone over me.,0.0,deep calls deep thunder cataracts waves billows gone,1,Poetic Metaphors
42,8,"By day the Lord commands his steadfast love, and at night his song is with me, a prayer to the God of my life.",0.8074,day lord commands steadfast love night song prayer god life,4,Victory and Power
42,9,"I say to God, my rock, “Why have you forgotten me? Why must I walk about mournfully because the enemy oppresses me?”",-0.7476,say god rock forgotten must walk mournfully enemy oppresses,4,Victory and Power
42,10,"As with a deadly wound in my body, my adversaries taunt me, while they say to me continually, “Where is your God?”",-0.25,deadly wound body adversaries taunt say continually god,3,Judgment & Righteousness
42,11,"Why are you cast down, O my soul, and why are you disquieted within me? Hope in God; for I shall again praise him, my help and my God.",0.9081,cast soul disquieted within hope god shall praise help god,4,Victory and Power
43,1,"Vindicate me, O God, and defend my cause against an ungodly people; from those who are deceitful and unjust deliver me!",-0.6239,vindicate god defend cause ungodly people deceitful unjust deliver,3,Judgment & Righteousness
43,2,For you are the God in whom I take refuge; why have you cast me off? Why must I walk about mournfully because of the oppression of the enemy?,-0.6662,god take refuge cast must walk mournfully oppression enemy,4,Victory and Power
43,3,O send out your light and your truth; let them lead me; let them bring me to your holy hill and to your dwelling.,0.34,send light truth let lead let bring holy hill dwelling,4,Victory and Power
43,4,"Then I will go to the altar of God, to God my exceeding joy; and I will praise you with the harp, O God, my God.",0.93,go altar god god exceeding joy praise harp god god,4,Victory and Power
43,5,"Why are you cast down, O my soul, and why are you disquieted within me? Hope in God; for I shall again praise him, my help and my God.",0.9081,cast soul disquieted within hope god shall praise help god,4,Victory and Power
44,1,"We have heard with our ears, O God, our ancestors have told us, what deeds you performed in their days, in the days of old:",0.2732,heard ears god ancestors told us deeds performed days days old,4,Victory and Power
44,2,"you with your own hand drove out the nations, but them you planted; you afflicted the peoples, but them you set free;",0.5106,hand drove nations planted afflicted peoples set free,2,Protection and Authority
44,3,"for not by their own sword did they win the land, nor did their own arm give them victory; but your right hand, and your arm, and the light of your countenance, for you delighted in them.",0.9032,sword win land arm give victory right hand arm light countenance delighted,1,Poetic Metaphors
44,4,You are my King and my God; you command victories for Jacob.,0.2732,king god command victories jacob,2,Protection and Authority
44,5,Through you we push down our foes; through your name we tread down our assailants.,-0.4588,push foes name tread assailants,3,Judgment & Righteousness
44,6,"For not in my bow do I trust, nor can my sword save me.",0.7579,bow trust sword save,1,Poetic Metaphors
44,7,"But you have saved us from our foes, and have put to confusion those who hate us.",-0.8462,saved us foes put confusion hate us,3,Judgment & Righteousness
44,8,"In God we have boasted continually, and we will give thanks to your name forever.Selah",0.6124,god boasted continually give thanks name,4,Victory and Power
44,9,"Yet you have rejected us and abased us, and have not gone out with our armies.",-0.5106,yet rejected us abased us gone armies,2,Protection and Authority
44,10,"You made us turn back from the foe, and our enemies have gotten spoil.",-0.7269,made us turn back foe enemies gotten spoil,1,Poetic Metaphors
44,11,"You have made us like sheep for slaughter, and have scattered us among the nations.",0.3612,made us like sheep slaughter scattered us among nations,1,Poetic Metaphors
44,12,"You have sold your people for a trifle, demanding no high price for them.",-0.4767,sold people trifle demanding high price,1,Poetic Metaphors
44,13,"You have made us the taunt of our neighbors, the derision and scorn of those around us.",-0.5994,made us taunt neighbors derision scorn around us,1,Poetic Metaphors
44,14,"You have made us a byword among the nations, a laughingstock among the peoples.",0.0,made us byword among nations laughingstock among peoples,3,Judgment & Righteousness
44,15,"All day long my disgrace is before me, and shame has covered my face",-0.743,day long disgrace shame covered face,3,Judgment & Righteousness
44,16,"at the words of the taunters and revilers, at the sight of the enemy and the avenger.",-0.5423,words taunters revilers sight enemy avenger,1,Poetic Metaphors
44,17,"All this has come upon us, yet we have not forgotten you, or been false to your covenant.",0.1695,come upon us yet forgotten false covenant,2,Protection and Authority
44,18,"Our heart has not turned back, nor have our steps departed from your way,",0.6369,heart turned back steps departed way,1,Poetic Metaphors
44,19,"yet you have broken us in the haunt of jackals, and covered us with deep darkness.",-0.7783,yet broken us haunt jackals covered us deep darkness,1,Poetic Metaphors
44,20,"If we had forgotten the name of our God, or spread out our hands to a strange god,",0.128,forgotten name god spread hands strange god,4,Victory and Power
44,21,would not God discover this? For he knows the secrets of the heart.,0.5245,would god discover knows secrets heart,0,Hopefulness
44,22,"Because of you we are being killed all day long, and accounted as sheep for the slaughter.",-0.6705,killed day long accounted sheep slaughter,1,Poetic Metaphors
44,23,"Rouse yourself! Why do you sleep, O Lord? Awake, do not cast us off forever!",0.0,rouse sleep lord awake cast us forever,4,Victory and Power
44,24,Why do you hide your face? Why do you forget our affliction and oppression?,-0.4515,hide face forget affliction oppression,3,Judgment & Righteousness
44,25,For we sink down to the dust; our bodies cling to the ground.,0.0,sink dust bodies cling ground,1,Poetic Metaphors
44,26,"Rise up, come to our help. Redeem us for the sake of your steadfast love.",0.836,rise come help redeem us sake steadfast love,0,Hopefulness
45,1,My heart overflows with a goodly theme; I address my verses to the king; my tongue is like the pen of a ready scribe.,0.8481,heart overflows goodly theme address verses king tongue like pen ready scribe,0,Hopefulness
45,2,You are the most handsome of men; grace is poured upon your lips; therefore God has blessed you forever.,0.9061,handsome men grace poured upon lips therefore god blessed forever,0,Hopefulness
45,3,"Gird your sword on your thigh, O mighty one, in your glory and majesty.",0.5423,gird sword thigh mighty one glory majesty,1,Poetic Metaphors
45,4,In your majesty ride on victoriously for the cause of truth and to defend the right; let your right hand teach you dread deeds.,0.3612,majesty ride victoriously cause truth defend right let right hand teach dread deeds,3,Judgment & Righteousness
45,5,Your arrows are sharp in the heart of the king’s enemies; the peoples fall under you.,0.25,arrows sharp heart king enemies peoples fall,1,Poetic Metaphors
45,6,"Your throne, O God, endures forever and ever. Your royal scepter is a scepter of equity;",0.2732,throne god endures forever ever royal scepter scepter equity,4,Victory and Power
45,7,"you love righteousness and hate wickedness. Therefore God, your God, has anointed you with the oil of gladness beyond your companions;",0.1531,love righteousness hate wickedness therefore god god anointed oil gladness beyond companions,0,Hopefulness
45,8,your robes are all fragrant with myrrh and aloes and cassia. From ivory palaces stringed instruments make you glad;,0.4588,robes fragrant myrrh aloes cassia ivory palaces stringed instruments make glad,1,Poetic Metaphors
45,9,daughters of kings are among your ladies of honor; at your right hand stands the queen in gold of Ophir.,0.7506,daughters kings among ladies honor right hand stands queen gold ophir,2,Protection and Authority
45,10,"Hear, O daughter, consider and incline your ear; forget your people and your father’s house,",-0.2263,hear daughter consider incline ear forget people father house,1,Poetic Metaphors
45,11,"and the king will desire your beauty. Since he is your lord, bow to him;",0.7579,king desire beauty since lord bow,4,Victory and Power
45,12,"the people of Tyre will seek your favor with gifts, the richest of the people",0.7269,people tyre seek favor gifts richest people,2,Protection and Authority
45,13,with all kinds of wealth. The princess is decked in her chamber with gold-woven robes;,0.4939,kinds wealth princess decked chamber robes,1,Poetic Metaphors
45,14,"in many-colored robes she is led to the king; behind her the virgins, her companions, follow.",0.0,robes led king behind virgins companions follow,2,Protection and Authority
45,15,With joy and gladness they are led along as they enter the palace of the king.,0.5859,joy gladness led along enter palace king,0,Hopefulness
45,16,"In the place of ancestors you, O king, shall have sons; you will make them princes in all the earth.",0.0,place ancestors king shall sons make princes earth,2,Protection and Authority
45,17,I will cause your name to be celebrated in all generations; therefore the peoples will praise you forever and ever.,0.8074,cause name celebrated generations therefore peoples praise forever ever,0,Hopefulness
46,1,"God is our refuge and strength, a very present help in trouble.",0.6786,god refuge strength present help trouble,0,Hopefulness
46,2,"Therefore we will not fear, though the earth should change, though the mountains shake in the heart of the sea;",0.7293,therefore fear though earth change though mountains shake heart sea,1,Poetic Metaphors
46,3,"though its waters roar and foam, though the mountains tremble with its tumult.Selah",-0.2732,though waters roar foam though mountains tremble,1,Poetic Metaphors
46,4,"There is a river whose streams make glad the city of God, the holy habitation of the Most High.",0.6249,river whose streams make glad city god holy habitation high,2,Protection and Authority
46,5,God is in the midst of the city; it shall not be moved; God will help it when the morning dawns.,0.4563,god midst city shall moved god help morning dawns,4,Victory and Power
46,6,"The nations are in an uproar, the kingdoms totter; he utters his voice, the earth melts.",0.0,nations uproar kingdoms totter utters voice earth melts,2,Protection and Authority
46,7,The Lord of hosts is with us; the God of Jacob is our refuge.Selah,0.2732,lord hosts us god jacob,4,Victory and Power
46,8,"Come, behold the works of the Lord; see what desolations he has brought on the earth.",0.0,come behold works lord see desolations brought earth,4,Victory and Power
46,9,"He makes wars cease to the end of the earth; he breaks the bow, and shatters the spear; he burns the shields with fire.",-0.7184,makes wars cease end earth breaks bow shatters spear burns shields fire,1,Poetic Metaphors
46,10,"“Be still, and know that I am God! I am exalted among the nations, I am exalted in the earth.”",0.3382,still know god exalted among nations exalted earth,2,Protection and Authority
46,11,The Lord of hosts is with us; the God of Jacob is our refuge.Selah,0.2732,lord hosts us god jacob,4,Victory and Power
47,1,"Clap your hands, all you peoples; shout to God with loud songs of joy.",0.7096,clap hands peoples shout god loud songs joy,4,Victory and Power
47,2,"For the Lord, the Most High, is awesome, a great king over all the earth.",0.8578,lord high awesome great king earth,4,Victory and Power
47,3,"He subdued peoples under us, and nations under our feet.",0.0,subdued peoples us nations feet,1,Poetic Metaphors
47,4,"He chose our heritage for us, the pride of Jacob whom he loves.Selah",0.34,chose heritage us pride jacob,2,Protection and Authority
47,5,"God has gone up with a shout, the Lord with the sound of a trumpet.",0.2732,god gone shout lord sound trumpet,4,Victory and Power
47,6,"Sing praises to God, sing praises; sing praises to our King, sing praises.",0.9403,sing praises god sing praises sing praises king sing praises,4,Victory and Power
47,8,God is king over the nations; God sits on his holy throne.,0.4939,god king nations god sits holy throne,2,Protection and Authority
47,9,The princes of the peoples gather as the people of the God of Abraham. For the shields of the earth belong to God; he is highly exalted.,0.4939,princes peoples gather people god abraham shields earth belong god highly exalted,2,Protection and Authority
48,1,"Great is the Lord and greatly to be praised in the city of our God. His holy mountain,",0.8646,great lord greatly praised city god holy mountain,2,Protection and Authority
48,2,"beautiful in elevation, is the joy of all the earth, Mount Zion, in the far north, the city of the great King.",0.9153,beautiful elevation joy earth mount zion far north city great king,2,Protection and Authority
48,3,Within its citadels God has shown himself a sure defense.,0.5994,within citadels god shown sure defense,4,Victory and Power
48,4,"Then the kings assembled, they came on together.",0.0,kings assembled came together,2,Protection and Authority
48,5,"As soon as they saw it, they were astounded; they were in panic, they took to flight;",-0.128,soon saw astounded panic took flight,1,Poetic Metaphors
48,6,"trembling took hold of them there, pains as of a woman in labor,",-0.6486,trembling took hold pains woman labor,1,Poetic Metaphors
48,7,as when an east wind shatters the ships of Tarshish.,0.0,east wind shatters ships tarshish,1,Poetic Metaphors
48,8,"As we have heard, so have we seen in the city of the Lord of hosts, in the city of our God, which God establishes forever.Selah",0.4939,heard seen city lord hosts city god god establishes,4,Victory and Power
48,9,"We ponder your steadfast love, O God, in the midst of your temple.",0.8074,ponder steadfast love god midst temple,0,Hopefulness
48,10,"Your name, O God, like your praise, reaches to the ends of the earth. Your right hand is filled with victory.",0.891,name god like praise reaches ends earth right hand filled victory,4,Victory and Power
48,11,"Let Mount Zion be glad, let the towns of Judah rejoice because of your judgments.",0.7096,let mount zion glad let towns judah rejoice judgments,2,Protection and Authority
48,12,"Walk about Zion, go all around it, count its towers,",0.0,walk zion go around count towers,2,Protection and Authority
48,13,"consider well its ramparts; go through its citadels, that you may tell the next generation",0.2732,consider well ramparts go citadels may tell next generation,1,Poetic Metaphors
48,14,"that this is God, our God forever and ever. He will be our guide forever.",0.4939,god god forever ever guide forever,0,Hopefulness
49,1,"Hear this, all you peoples; give ear, all inhabitants of the world,",0.0,hear peoples give ear inhabitants world,1,Poetic Metaphors
49,2,"both low and high, rich and poor together.",-0.1531,low high rich poor together,1,Poetic Metaphors
49,3,My mouth shall speak wisdom; the meditation of my heart shall be understanding.,0.8225,mouth shall speak wisdom meditation heart shall understanding,0,Hopefulness
49,4,I will incline my ear to a proverb; I will solve my riddle to the music of the harp.,0.2023,incline ear proverb solve riddle music harp,1,Poetic Metaphors
49,5,"Why should I fear in times of trouble, when the iniquity of my persecutors surrounds me,",-0.7096,fear times trouble iniquity persecutors surrounds,3,Judgment & Righteousness
49,6,those who trust in their wealth and boast of the abundance of their riches?,0.872,trust wealth boast abundance riches,3,Judgment & Righteousness
49,7,"Truly, no ransom avails for one’s life, there is no price one can give to God for it.",0.1531,truly ransom avails one life price one give god,0,Hopefulness
49,8,"For the ransom of life is costly, and can never suffice,",-0.1027,ransom life costly never suffice,3,Judgment & Righteousness
49,9,that one should live on forever and never see the grave.,0.2924,one live forever never see grave,0,Hopefulness
49,10,"When we look at the wise, they die; fool and dolt perish together and leave their wealth to others.",-0.1779,look wise die fool dolt perish together leave wealth others,3,Judgment & Righteousness
49,11,"Their graves are their homes forever, their dwelling places to all generations, though they named lands their own.",-0.2732,graves homes forever dwelling places generations though named lands,1,Poetic Metaphors
49,12,Mortals cannot abide in their pomp; they are like the animals that perish.,0.3612,mortals abide pomp like animals perish,3,Judgment & Righteousness
49,13,"Such is the fate of the foolhardy, the end of those who are pleased with their lot.Selah",0.128,fate foolhardy end pleased,3,Judgment & Righteousness
49,14,"Like sheep they are appointed for Sheol; Death shall be their shepherd; straight to the grave they descend, and their form shall waste away; Sheol shall be their home.",-0.7096,like sheep appointed sheol death shall shepherd straight grave descend form shall waste away sheol shall home,3,Judgment & Righteousness
49,15,"But God will ransom my soul from the power of Sheol, for he will receive me.Selah",0.3919,god ransom soul power sheol receive,4,Victory and Power
49,16,"Do not be afraid when some become rich, when the wealth of their houses increases.",0.7783,afraid become rich wealth houses increases,1,Poetic Metaphors
49,17,For when they die they will carry nothing away; their wealth will not go down after them.,-0.7599,die carry nothing away wealth go,3,Judgment & Righteousness
49,18,Though in their lifetime they count themselves happy —for you are praised when you do well for yourself—,0.8402,though lifetime count happy praised well,0,Hopefulness
49,19,"they will go to the company of their ancestors, who will never again see the light.",0.0,go company ancestors never see light,1,Poetic Metaphors
49,20,Mortals cannot abide in their pomp; they are like the animals that perish.,0.3612,mortals abide pomp like animals perish,3,Judgment & Righteousness
50,1,"The mighty one, God the Lord, speaks and summons the earth from the rising of the sun to its setting.",0.2732,mighty one god lord speaks summons earth rising sun setting,4,Victory and Power
50,2,"Out of Zion, the perfection of beauty, God shines forth.",0.8625,zion perfection beauty god shines forth,2,Protection and Authority
50,3,"Our God comes and does not keep silence, before him is a devouring fire, and a mighty tempest all around him.",-0.0772,god comes keep silence devouring fire mighty tempest around,4,Victory and Power
50,4,"He calls to the heavens above and to the earth, that he may judge his people:",0.4019,calls heavens earth may judge people,4,Victory and Power
50,5,"“Gather to me my faithful ones, who made a covenant with me by sacrifice!”",0.4926,gather faithful ones made covenant sacrifice,2,Protection and Authority
50,6,"The heavens declare his righteousness, for God himself is judge.Selah",0.5859,heavens declare righteousness god,4,Victory and Power
50,7,"“Hear, O my people, and I will speak, O Israel, I will testify against you. I am God, your God.",0.4939,hear people speak israel testify god god,2,Protection and Authority
50,8,Not for your sacrifices do I rebuke you; your burnt offerings are continually before me.,0.0,sacrifices rebuke burnt offerings continually,3,Judgment & Righteousness
50,9,"I will not accept a bull from your house, or goats from your folds.",-0.2924,accept bull house goats folds,1,Poetic Metaphors
50,10,"For every wild animal of the forest is mine, the cattle on a thousand hills.",0.0,every wild animal forest mine cattle thousand hills,1,Poetic Metaphors
50,11,"I know all the birds of the air, and all that moves in the field is mine.",0.0,know birds air moves field mine,1,Poetic Metaphors
50,12,"“If I were hungry, I would not tell you, for the world and all that is in it is mine.",0.0,hungry would tell world mine,1,Poetic Metaphors
50,13,"Do I eat the flesh of bulls, or drink the blood of goats?",0.0,eat flesh bulls drink blood goats,1,Poetic Metaphors
50,14,"Offer to God a sacrifice of thanksgiving, and pay your vows to the Most High.",0.1779,offer god sacrifice thanksgiving pay vows high,0,Hopefulness
50,15,"Call on me in the day of trouble; I will deliver you, and you shall glorify me.”",0.25,call day trouble deliver shall glorify,3,Judgment & Righteousness
50,16,"But to the wicked God says: “What right have you to recite my statutes, or take my covenant on your lips?",-0.4497,wicked god says right recite statutes take covenant lips,3,Judgment & Righteousness
50,17,"For you hate discipline, and you cast my words behind you.",-0.5719,hate discipline cast words behind,3,Judgment & Righteousness
50,18,"You make friends with a thief when you see one, and you keep company with adulterers.",-0.0772,make friends thief see one keep company adulterers,3,Judgment & Righteousness
50,19,"“You give your mouth free rein for evil, and your tongue frames deceit.",-0.6249,give mouth free rein evil tongue frames deceit,3,Judgment & Righteousness
50,20,You sit and speak against your kin; you slander your own mother’s child.,0.0,sit speak kin slander mother child,3,Judgment & Righteousness
50,21,"These things you have done and I have been silent; you thought that I was one just like yourself. But now I rebuke you, and lay the charge before you.",0.1901,things done silent thought one like rebuke lay charge,1,Poetic Metaphors
50,22,"“Mark this, then, you who forget God, or I will tear you apart, and there will be no one to deliver.",-0.25,mark forget god tear apart one deliver,4,Victory and Power
50,23,Those who bring thanksgiving as their sacrifice honor me; to those who go the right way I will show the salvation of God.”,0.4939,bring thanksgiving sacrifice honor go right way show salvation god,0,Hopefulness
51,1,"Have mercy on me, O God, according to your steadfast love; according to your abundant mercy blot out my transgressions.",0.9062,mercy god according steadfast love according abundant mercy blot transgressions,0,Hopefulness
51,2,"Wash me thoroughly from my iniquity, and cleanse me from my sin.",-0.5574,wash thoroughly iniquity cleanse sin,3,Judgment & Righteousness
51,3,"For I know my transgressions, and my sin is ever before me.",-0.5574,know transgressions sin ever,3,Judgment & Righteousness
51,4,"Against you, you alone, have I sinned, and done what is evil in your sight, so that you are justified in your sentence and blameless when you pass judgment.",-0.4019,alone sinned done evil sight justified sentence blameless pass judgment,3,Judgment & Righteousness
51,5,"Indeed, I was born guilty, a sinner when my mother conceived me.",-0.4215,indeed born guilty sinner mother conceived,3,Judgment & Righteousness
51,6,You desire truth in the inward being; therefore teach me wisdom in my secret heart.,0.9118,desire truth inward therefore teach wisdom secret heart,0,Hopefulness
51,7,"Purge me with hyssop, and I shall be clean; wash me, and I shall be whiter than snow.",0.4019,purge hyssop shall clean wash shall whiter snow,1,Poetic Metaphors
51,8,Let me hear joy and gladness; let the bones that you have crushed rejoice.,0.5994,let hear joy gladness let bones crushed rejoice,0,Hopefulness
51,9,"Hide your face from my sins, and blot out all my iniquities.",-0.5719,hide face sins blot iniquities,3,Judgment & Righteousness
51,10,"Create in me a clean heart, O God, and put a new and right spirit within me.",0.8957,create clean heart god put new right spirit within,0,Hopefulness
51,11,"Do not cast me away from your presence, and do not take your holy spirit from me.",0.1779,cast away presence take holy spirit,4,Victory and Power
51,12,"Restore to me the joy of your salvation, and sustain in me a willing spirit.",0.7717,restore joy salvation sustain willing spirit,0,Hopefulness
51,13,"Then I will teach transgressors your ways, and sinners will return to you.",0.0,teach transgressors ways sinners return,3,Judgment & Righteousness
51,14,"Deliver me from bloodshed, O God, O God of my salvation, and my tongue will sing aloud of your deliverance.",0.4939,deliver bloodshed god god salvation tongue sing aloud deliverance,4,Victory and Power
51,15,"O Lord, open my lips, and my mouth will declare your praise.",0.5574,lord open lips mouth declare praise,4,Victory and Power
51,16,"For you have no delight in sacrifice; if I were to give a burnt offering, you would not be pleased.",-0.6759,delight sacrifice give burnt offering would pleased,0,Hopefulness
51,17,"The sacrifice acceptable to God is a broken spirit; a broken and contrite heart, O God, you will not despise.",0.738,sacrifice acceptable god broken spirit broken contrite heart god despise,0,Hopefulness
51,18,"Do good to Zion in your good pleasure; rebuild the walls of Jerusalem,",0.8591,good zion good pleasure rebuild walls jerusalem,2,Protection and Authority
51,19,"then you will delight in right sacrifices, in burnt offerings and whole burnt offerings; then bulls will be offered on your altar.",0.5994,delight right sacrifices burnt offerings whole burnt offerings bulls offered altar,1,Poetic Metaphors
52,1,"Why do you boast, O mighty one, of mischief done against the godly? All day long",-0.3612,boast mighty one mischief done godly day long,4,Victory and Power
52,2,"you are plotting destruction. Your tongue is like a sharp razor, you worker of treachery.",-0.296,plotting destruction tongue like sharp razor worker treachery,1,Poetic Metaphors
52,3,"You love evil more than good, and lying more than speaking the truth.Selah",-0.1082,love evil good lying speaking,3,Judgment & Righteousness
52,4,"You love all words that devour, O deceitful tongue.",0.3182,love words devour deceitful tongue,3,Judgment & Righteousness
52,5,But God will break you down forever; he will snatch and tear you from your tent; he will uproot you from the land of the living.Selah,0.3919,god break forever snatch tear tent uproot land,4,Victory and Power
52,6,"The righteous will see, and fear, and will laugh at the evildoer, saying,",-0.5719,righteous see fear laugh evildoer saying,3,Judgment & Righteousness
52,7,"“See the one who would not take refuge in God, but trusted in abundant riches, and sought refuge in wealth!”",0.8908,see one would take refuge god trusted abundant riches sought refuge wealth,2,Protection and Authority
52,8,But I am like a green olive tree in the house of God. I trust in the steadfast love of God forever and ever.,0.9694,like green olive tree house god trust steadfast love god forever ever,0,Hopefulness
52,9,"I will thank you forever, because of what you have done. In the presence of the faithful I will proclaim your name, for it is good.",0.8074,thank forever done presence faithful proclaim name good,0,Hopefulness
53,1,"Fools say in their hearts, “There is no God.” They are corrupt, they commit abominable acts; there is no one who does good.",0.4215,fools say hearts corrupt commit abominable acts one good,3,Judgment & Righteousness
53,2,"God looks down from heaven on humankind to see if there are any who are wise, who seek after God.",0.8625,god looks heaven humankind see wise seek god,4,Victory and Power
53,3,"They have all fallen away, they are all alike perverse; there is no one who does good, no, not one.",-0.5574,fallen away alike perverse one good one,1,Poetic Metaphors
53,4,"Have they no knowledge, those evildoers, who eat up my people as they eat bread, and do not call upon God?",-0.7517,knowledge evildoers eat people eat bread call upon god,3,Judgment & Righteousness
53,5,"There they shall be in great terror, in terror such as has not been. For God will scatter the bones of the ungodly; they will be put to shame, for God has rejected them.",-0.8322,shall great terror terror god scatter bones ungodly put shame god rejected,3,Judgment & Righteousness
53,6,"O that deliverance for Israel would come from Zion! When God restores the fortunes of his people, Jacob will rejoice; Israel will be glad.",0.8588,deliverance israel would come zion god restores fortunes people jacob rejoice israel glad,2,Protection and Authority
54,1,"Save me, O God, by your name, and vindicate me by your might.",0.6808,save god name vindicate might,4,Victory and Power
54,2,"Hear my prayer, O God; give ear to the words of my mouth.",0.2732,hear prayer god give ear words mouth,4,Victory and Power
54,3,"For the insolent have risen against me, the ruthless seek my life; they do not set God before them.Selah",-0.2057,insolent risen ruthless seek life set god,4,Victory and Power
54,4,"But surely, God is my helper; the Lord is the upholder of my life.",0.8625,surely god helper lord upholder life,4,Victory and Power
54,5,"He will repay my enemies for their evil. In your faithfulness, put an end to them.",-0.6908,repay enemies evil faithfulness put end,3,Judgment & Righteousness
54,6,"With a freewill offering I will sacrifice to you; I will give thanks to your name, O Lord, for it is good.",0.7783,freewill offering sacrifice give thanks name lord good,0,Hopefulness
54,7,"For he has delivered me from every trouble, and my eye has looked in triumph on my enemies.",-0.4215,delivered every trouble eye looked triumph enemies,3,Judgment & Righteousness
55,1,"Give ear to my prayer, O God; do not hide yourself from my supplication.",0.3855,give ear prayer god hide supplication,4,Victory and Power
55,2,"Attend to me, and answer me; I am troubled in my complaint. I am distraught",-0.8316,attend answer troubled complaint distraught,3,Judgment & Righteousness
55,3,"by the noise of the enemy, because of the clamor of the wicked. For they bring trouble upon me, and in anger they cherish enmity against me.",-0.8934,noise enemy clamor wicked bring trouble upon anger cherish enmity,3,Judgment & Righteousness
55,4,"My heart is in anguish within me, the terrors of death have fallen upon me.",-0.8658,heart anguish within terrors death fallen upon,3,Judgment & Righteousness
55,5,"Fear and trembling come upon me, and horror overwhelms me.",-0.8807,fear trembling come upon horror overwhelms,1,Poetic Metaphors
55,6,"And I say, “O that I had wings like a dove! I would fly away and be at rest;",0.4199,say wings like dove would fly away rest,1,Poetic Metaphors
55,7,"truly, I would flee far away; I would lodge in the wilderness;Selah",0.4404,truly would flee far away would lodge wilderness selah,1,Poetic Metaphors
55,8,I would hurry to find a shelter for myself from the raging wind and tempest.”,-0.5267,would hurry find shelter raging wind tempest,1,Poetic Metaphors
55,9,"Confuse, O Lord, confound their speech; for I see violence and strife in the city.",-0.7184,confuse lord confound speech see violence strife city,3,Judgment & Righteousness
55,10,"Day and night they go around it on its walls, and iniquity and trouble are within it;",-0.4019,day night go around walls iniquity trouble within,1,Poetic Metaphors
55,11,ruin is in its midst; oppression and fraud do not depart from its marketplace.,-0.8225,ruin midst oppression fraud depart marketplace,3,Judgment & Righteousness
55,12,It is not enemies who taunt me— I could bear that; it is not adversaries who deal insolently with me— I could hide from them.,0.3956,enemies taunt could bear adversaries deal insolently could hide,1,Poetic Metaphors
55,13,"But it is you, my equal, my companion, my familiar friend,",0.6486,equal companion familiar friend,3,Judgment & Righteousness
55,14,with whom I kept pleasant company; we walked in the house of God with the throng.,0.6597,kept pleasant company walked house god throng,4,Victory and Power
55,15,Let death come upon them; let them go down alive to Sheol; for evil is in their homes and in their hearts.,-0.34,let death come upon let go alive sheol evil homes hearts,0,Hopefulness
55,16,"But I call upon God, and the Lord will save me.",0.7876,call upon god lord save,4,Victory and Power
55,17,"Evening and morning and at noon I utter my complaint and moan, and he will hear my voice.",-0.4728,evening morning noon utter complaint moan hear voice,1,Poetic Metaphors
55,18,"He will redeem me unharmed from the battle that I wage, for many are arrayed against me.",-0.3818,redeem unharmed battle wage many arrayed,3,Judgment & Righteousness
55,19,"God, who is enthroned from of old,Selah will hear, and will humble them— because they do not change, and do not fear God.",0.443,god enthroned old selah hear humble change fear god,4,Victory and Power
55,20,My companion laid hands on a friend and violated a covenant with me,-0.0516,companion laid hands friend violated covenant,3,Judgment & Righteousness
55,21,"with speech smoother than butter, but with a heart set on war; with words that were softer than oil, but in fact were drawn swords.",0.1154,speech smoother butter heart set war words softer oil fact drawn swords,3,Judgment & Righteousness
55,22,"Cast your burden on the Lord, and he will sustain you; he will never permit the righteous to be moved.",-0.4404,cast burden lord sustain never permit righteous moved,4,Victory and Power
55,23,"But you, O God, will cast them down into the lowest pit; the bloodthirsty and treacherous shall not live out half their days. But I will trust in you.",0.5719,god cast lowest pit bloodthirsty treacherous shall live half days trust,4,Victory and Power
56,1,"Be gracious to me, O God, for people trample on me; all day long foes oppress me;",0.4019,gracious god people trample day long foes oppress,3,Judgment & Righteousness
56,2,"my enemies trample on me all day long, for many fight against me. O Most High,",-0.7003,enemies trample day long many fight high,1,Poetic Metaphors
56,3,"when I am afraid, I put my trust in you.",0.5106,afraid put trust,3,Judgment & Righteousness
56,4,"In God, whose word I praise, in God I trust; I am not afraid; what can flesh do to me?",0.8779,god whose word praise god trust afraid flesh,4,Victory and Power
56,5,All day long they seek to injure my cause; all their thoughts are against me for evil.,-0.6597,day long seek injure cause thoughts evil,3,Judgment & Righteousness
56,6,"They stir up strife, they lurk, they watch my steps. As they hoped to have my life,",0.2023,stir strife lurk watch steps hoped life,3,Judgment & Righteousness
56,7,"so repay them for their crime; in wrath cast down the peoples, O God!",-0.4003,repay crime wrath cast peoples god,3,Judgment & Righteousness
56,8,You have kept count of my tossings; put my tears in your bottle. Are they not in your record?,-0.2263,kept count tossings put tears bottle record,1,Poetic Metaphors
56,9,"Then my enemies will retreat in the day when I call. This I know, that God is for me.",-0.0772,enemies retreat day call know god,4,Victory and Power
56,10,"In God, whose word I praise, in the Lord, whose word I praise,",0.8519,god whose word praise lord whose word praise,4,Victory and Power
56,11,in God I trust; I am not afraid. What can a mere mortal do to me?,0.6597,god trust afraid mere mortal,4,Victory and Power
56,12,"My vows to you I must perform, O God; I will render thank offerings to you.",0.5574,vows must perform god render thank offerings,0,Hopefulness
56,13,"For you have delivered my soul from death, and my feet from falling, so that I may walk before God in the light of life.",-0.5267,delivered soul death feet falling may walk god light life,0,Hopefulness
57,1,"Be merciful to me, O God, be merciful to me, for in you my soul takes refuge; in the shadow of your wings I will take refuge, until the destroying storms pass by.",-0.3612,merciful god merciful soul takes refuge shadow wings take refuge destroying storms pass,4,Victory and Power
57,2,"I cry to God Most High, to God who fulfills his purpose for me.",0.3321,cry god high god fulfills purpose,4,Victory and Power
57,3,"He will send from heaven and save me, he will put to shame those who trample on me.Selah God will send forth his steadfast love and his faithfulness.",0.9274,send heaven save put shame trample god send forth steadfast love faithfulness,0,Hopefulness
57,4,"I lie down among lions that greedily devour human prey; their teeth are spears and arrows, their tongues sharp swords.",-0.4404,lie among lions greedily devour human prey teeth spears arrows tongues sharp swords,3,Judgment & Righteousness
57,5,"Be exalted, O God, above the heavens. Let your glory be over all the earth.",0.8074,exalted god heavens let glory earth,4,Victory and Power
57,6,"They set a net for my steps; my soul was bowed down. They dug a pit in my path, but they have fallen into it themselves.Selah",-0.5023,set net steps soul bowed dug pit path fallen,1,Poetic Metaphors
57,7,"My heart is steadfast, O God, my heart is steadfast. I will sing and make melody.",0.926,heart steadfast god heart steadfast sing make melody,0,Hopefulness
57,8,"Awake, my soul! Awake, O harp and lyre! I will awake the dawn.",0.0,awake soul awake harp lyre awake dawn,1,Poetic Metaphors
57,9,"I will give thanks to you, O Lord, among the peoples; I will sing praises to you among the nations.",0.743,give thanks lord among peoples sing praises among nations,4,Victory and Power
57,10,For your steadfast love is as high as the heavens; your faithfulness extends to the clouds.,0.9062,steadfast love high heavens faithfulness extends clouds,0,Hopefulness
57,11,"Be exalted, O God, above the heavens. Let your glory be over all the earth.",0.8074,exalted god heavens let glory earth,4,Victory and Power
58,1,"Do you indeed decree what is right, you gods? Do you judge people fairly?",0.0,indeed decree right gods judge people fairly,4,Victory and Power
58,2,"No, in your hearts you devise wrongs; your hands deal out violence on earth.",0.0516,hearts devise wrongs hands deal violence earth,3,Judgment & Righteousness
58,3,"The wicked go astray from the womb; they err from their birth, speaking lies.",-0.7351,wicked go astray womb err birth speaking lies,3,Judgment & Righteousness
58,4,"They have venom like the venom of a serpent, like the deaf adder that stops its ear,",0.5267,venom like venom serpent like deaf adder stops ear,1,Poetic Metaphors
58,5,so that it does not hear the voice of charmers or of the cunning enchanter.,0.4767,hear voice charmers cunning enchanter,3,Judgment & Righteousness
58,6,"O God, break the teeth in their mouths; tear out the fangs of the young lions, O Lord!",0.3382,god break teeth mouths tear fangs young lions lord,4,Victory and Power
58,7,Let them vanish like water that runs away; like grass let them be trodden down and wither.,0.6124,let vanish like water runs away like grass let trodden wither,1,Poetic Metaphors
58,8,Let them be like the snail that dissolves into slime; like the untimely birth that never sees the sun.,0.6124,let like snail dissolves slime like untimely birth never sees sun,1,Poetic Metaphors
58,9,"Sooner than your pots can feel the heat of thorns, whether green or ablaze, may he sweep them away!",0.0,sooner pots feel heat thorns whether green ablaze may sweep away,1,Poetic Metaphors
58,10,The righteous will rejoice when they see vengeance done; they will bathe their feet in the blood of the wicked.,-0.128,righteous rejoice see vengeance done bathe feet blood wicked,3,Judgment & Righteousness
58,11,"People will say, “Surely there is a reward for the righteous; surely there is a God who judges on earth.”",0.8271,people say surely reward righteous surely god judges earth,4,Victory and Power
59,1,"Deliver me from my enemies, O my God; protect me from those who rise up against me.",0.128,deliver enemies god protect rise,4,Victory and Power
59,2,Deliver me from those who work evil; from the bloodthirsty save me.,-0.296,deliver work evil bloodthirsty save,3,Judgment & Righteousness
59,3,"Even now they lie in wait for my life; the mighty stir up strife against me. For no transgression or sin of mine, O Lord,",0.1838,even lie wait life mighty stir strife transgression sin mine lord,3,Judgment & Righteousness
59,4,"for no fault of mine, they run and make ready. Rouse yourself, come to my help and see!",0.775,fault mine run make ready rouse come help see,1,Poetic Metaphors
59,5,"You, Lord God of hosts, are God of Israel. Awake to punish all the nations; spare none of those who treacherously plot evil.Selah",-0.0516,lord god hosts god israel awake punish nations spare none treacherously plot,2,Protection and Authority
59,6,"Each evening they come back, howling like dogs and prowling about the city.",0.3612,evening come back howling like dogs prowling city,1,Poetic Metaphors
59,7,"There they are, bellowing with their mouths, with sharp words on their lips— for “Who,” they think, “will hear us?”",0.0,bellowing mouths sharp words think hear us,3,Judgment & Righteousness
59,8,"But you laugh at them, O Lord; you hold all the nations in derision.",0.4767,laugh lord hold nations derision,3,Judgment & Righteousness
59,9,"O my strength, I will watch for you; for you, O God, are my fortress.",0.6486,strength watch god fortress,4,Victory and Power
59,10,My God in his steadfast love will meet me; my God will let me look in triumph on my enemies.,0.8519,god steadfast love meet god let look triumph enemies,0,Hopefulness
59,11,"Do not kill them, or my people may forget; make them totter by your power, and bring them down, O Lord, our shield.",0.4287,kill people may forget make totter power bring lord shield,3,Judgment & Righteousness
59,12,"For the sin of their mouths, the words of their lips, let them be trapped in their pride. For the cursing and lies that they utter,",-0.8126,sin mouths words lips let trapped pride cursing lies utter,3,Judgment & Righteousness
59,13,consume them in wrath; consume them until they are no more. Then it will be known to the ends of the earth that God rules over Jacob.Selah,-0.0258,consume wrath consume known ends earth god rules,3,Judgment & Righteousness
59,14,"Each evening they come back, howling like dogs and prowling about the city.",0.3612,evening come back howling like dogs prowling city,1,Poetic Metaphors
59,15,"They roam about for food, and growl if they do not get their fill.",0.0,roam food growl get fill,1,Poetic Metaphors
59,16,But I will sing of your might; I will sing aloud of your steadfast love in the morning. For you have been a fortress for me and a refuge in the day of my distress.,0.5719,sing might sing aloud steadfast love morning fortress refuge day distress,1,Poetic Metaphors
59,17,"O my strength, I will sing praises to you, for you, O God, are my fortress, the God who shows me steadfast love.",0.9432,strength sing praises god fortress god shows steadfast love,0,Hopefulness
60,1,"O God, you have rejected us, broken our defenses; you have been angry; now restore us!",-0.7177,god rejected us broken defenses angry restore us,3,Judgment & Righteousness
60,2,"You have caused the land to quake; you have torn it open; repair the cracks in it, for it is tottering.",-0.25,caused land quake torn open repair cracks tottering,1,Poetic Metaphors
60,3,You have made your people suffer hard things; you have given us wine to drink that made us reel.,-0.5994,made people suffer hard things given us wine drink made us reel,1,Poetic Metaphors
60,4,"You have set up a banner for those who fear you, to rally to it out of bowshot.Selah",-0.4939,set banner fear rally,1,Poetic Metaphors
60,5,"Give victory with your right hand, and answer us, so that those whom you love may be rescued.",0.8807,give victory right hand answer us love may rescued,0,Hopefulness
60,6,"God has promised in his sanctuary: “With exultation I will divide up Shechem, and portion out the Vale of Succoth.",0.5574,god promised sanctuary exultation divide shechem portion vale succoth,4,Victory and Power
60,7,"Gilead is mine, and Manasseh is mine; Ephraim is my helmet; Judah is my scepter.",0.0,gilead mine manasseh mine ephraim helmet judah scepter,2,Protection and Authority
60,8,Moab is my washbasin; on Edom I hurl my shoe; over Philistia I shout in triumph.”,0.0,moab washbasin edom hurl shoe philistia shout triumph,1,Poetic Metaphors
60,9,Who will bring me to the fortified city? Who will lead me to Edom?,0.0,bring fortified city lead edom,2,Protection and Authority
60,10,"Have you not rejected us, O God? You do not go out, O God, with our armies.",0.7097,rejected us god go god armies,4,Victory and Power
60,11,"O grant us help against the foe, for human help is worthless.",0.2732,grant us help foe human help worthless,3,Judgment & Righteousness
60,12,With God we shall do valiantly; it is he who will tread down our foes.,-0.2263,god shall valiantly tread foes,4,Victory and Power
61,1,"Hear my cry, O God; listen to my prayer.",-0.25,hear cry god listen prayer,4,Victory and Power
61,2,"From the end of the earth I call to you, when my heart is faint. Lead me to the rock that is higher than I;",0.6369,end earth call heart faint lead rock higher,1,Poetic Metaphors
61,3,"for you are my refuge, a strong tower against the enemy.",-0.0516,refuge strong tower enemy,1,Poetic Metaphors
61,4,"Let me abide in your tent forever, find refuge under the shelter of your wings.Selah",0.0,let abide tent forever find refuge shelter,1,Poetic Metaphors
61,5,"For you, O God, have heard my vows; you have given me the heritage of those who fear your name.",-0.2732,god heard vows given heritage fear name,4,Victory and Power
61,6,Prolong the life of the king; may his years endure to all generations!,0.0,prolong life king may years endure generations,0,Hopefulness
61,7,May he be enthroned forever before God; appoint steadfast love and faithfulness to watch over him!,0.8883,may enthroned forever god appoint steadfast love faithfulness watch,0,Hopefulness
61,8,"So I will always sing praises to your name, as I pay my vows day after day.",0.4588,always sing praises name pay vows day day,0,Hopefulness
62,1,For God alone my soul waits in silence; from him comes my salvation.,0.0258,god alone soul waits silence comes salvation,0,Hopefulness
62,2,"He alone is my rock and my salvation, my fortress; I shall never be shaken.",-0.1969,alone rock salvation fortress shall never shaken,3,Judgment & Righteousness
62,3,"How long will you assail a person, will you batter your victim, all of you, as you would a leaning wall, a tottering fence?",-0.2732,long assail person batter victim would leaning wall tottering fence,1,Poetic Metaphors
62,4,"Their only plan is to bring down a person of prominence. They take pleasure in falsehood; they bless with their mouths, but inwardly they curse.Selah",0.5023,plan bring person prominence take pleasure falsehood bless mouths inwardly,3,Judgment & Righteousness
62,5,"For God alone my soul waits in silence, for my hope is from him.",0.4588,god alone soul waits silence hope,0,Hopefulness
62,6,"He alone is my rock and my salvation, my fortress; I shall not be shaken.",-0.1969,alone rock salvation fortress shall shaken,3,Judgment & Righteousness
62,7,"On God rests my deliverance and my honor; my mighty rock, my refuge is in God.",0.7506,god rests deliverance honor mighty rock refuge god,4,Victory and Power
62,8,"Trust in him at all times, O people; pour out your heart before him; God is a refuge for us.Selah",0.8625,trust times people pour heart god refuge,0,Hopefulness
62,9,"Those of low estate are but a breath, those of high estate are a delusion; in the balances they go up; they are together lighter than a breath.",-0.1406,low estate breath high estate delusion balances go together lighter breath,3,Judgment & Righteousness
62,10,"Put no confidence in extortion, and set no vain hopes on robbery; if riches increase, do not set your heart on them.",-0.0951,put confidence extortion set vain hopes robbery riches increase set heart,3,Judgment & Righteousness
62,11,"Once God has spoken; twice have I heard this: that power belongs to God,",0.4939,god spoken twice heard power belongs god,4,Victory and Power
62,12,"and steadfast love belongs to you, O Lord. For you repay to all according to their work.",0.7351,steadfast love belongs lord repay according work,0,Hopefulness
63,1,"O God, you are my God, I seek you, my soul thirsts for you; my flesh faints for you, as in a dry and weary land where there is no water.",-0.0258,god god seek soul thirsts flesh faints dry weary land water,4,Victory and Power
63,2,"So I have looked upon you in the sanctuary, beholding your power and glory.",0.5423,looked upon sanctuary beholding power glory,4,Victory and Power
63,3,"Because your steadfast love is better than life, my lips will praise you.",0.9136,steadfast love better life lips praise,0,Hopefulness
63,4,So I will bless you as long as I live; I will lift up my hands and call on your name.,0.4703,bless long live lift hands call name,1,Poetic Metaphors
63,5,"My soul is satisfied as with a rich feast, and my mouth praises you with joyful lips",0.9287,soul satisfied rich feast mouth praises joyful lips,0,Hopefulness
63,6,"when I think of you on my bed, and meditate on you in the watches of the night;",0.0,think bed meditate watches night,1,Poetic Metaphors
63,7,"for you have been my help, and in the shadow of your wings I sing for joy.",0.7579,help shadow wings sing joy,1,Poetic Metaphors
63,8,My soul clings to you; your right hand upholds me.,0.4939,soul clings right hand upholds,3,Judgment & Righteousness
63,9,But those who seek to destroy my life shall go down into the depths of the earth;,-0.6956,seek destroy life shall go depths earth,1,Poetic Metaphors
63,10,"they shall be given over to the power of the sword, they shall be prey for jackals.",0.0,shall given power sword shall prey jackals,3,Judgment & Righteousness
63,11,"But the king shall rejoice in God; all who swear by him shall exult, for the mouths of liars will be stopped.",-0.1901,king shall rejoice god swear shall exult mouths liars stopped,4,Victory and Power
64,1,"Hear my voice, O God, in my complaint; preserve my life from the dread enemy.",-0.765,hear voice god complaint preserve life dread enemy,4,Victory and Power
64,2,"Hide me from the secret plots of the wicked, from the scheming of evildoers,",-0.8176,hide secret plots wicked scheming evildoers,3,Judgment & Righteousness
64,3,"who whet their tongues like swords, who aim bitter words like arrows,",0.296,whet tongues like swords aim bitter words like arrows,3,Judgment & Righteousness
64,4,shooting from ambush at the blameless; they shoot suddenly and without fear.,0.233,shooting ambush blameless shoot suddenly without fear,1,Poetic Metaphors
64,5,"They hold fast to their evil purpose; they talk of laying snares secretly, thinking, “Who can see us?",-0.6597,hold fast evil purpose talk laying snares secretly thinking see us,1,Poetic Metaphors
64,6,Who can search out our crimes? We have thought out a cunningly conceived plot.” For the human heart and mind are deep.,0.6369,search crimes thought cunningly conceived human heart mind deep,3,Judgment & Righteousness
64,7,But God will shoot his arrow at them; they will be wounded suddenly.,-0.1154,god shoot arrow wounded suddenly,1,Poetic Metaphors
64,8,Because of their tongue he will bring them to ruin; all who see them will shake with horror.,-0.8481,tongue bring ruin see shake horror,1,Poetic Metaphors
64,9,"Then everyone will fear; they will tell what God has brought about, and ponder what he has done.",-0.2732,everyone fear tell god brought ponder done,4,Victory and Power
64,10,Let the righteous rejoice in the Lord and take refuge in him. Let all the upright in heart glory.,0.891,let righteous rejoice lord take refuge let upright heart glory,0,Hopefulness
65,1,"Praise is due to you, O God, in Zion; and to you shall vows be performed,",0.6908,praise due god zion shall vows performed,2,Protection and Authority
65,2,O you who answer prayer! To you all flesh shall come.,0.0,answer prayer flesh shall come,0,Hopefulness
65,3,"When deeds of iniquity overwhelm us, you forgive our transgressions.",0.1027,deeds iniquity overwhelm us forgive transgressions,3,Judgment & Righteousness
65,4,"Happy are those whom you choose and bring near to live in your courts. We shall be satisfied with the goodness of your house, your holy temple.",0.8591,happy choose bring near live courts shall satisfied goodness house holy temple,4,Victory and Power
65,5,"By awesome deeds you answer us with deliverance, O God of our salvation; you are the hope of all the ends of the earth and of the farthest seas.",0.8442,awesome deeds answer us deliverance god salvation hope ends earth farthest seas,0,Hopefulness
65,6,By your strength you established the mountains; you are girded with might.,0.4939,strength established mountains girded might,1,Poetic Metaphors
65,7,"You silence the roaring of the seas, the roaring of their waves, the tumult of the peoples.",0.0,silence roaring seas roaring waves tumult peoples,1,Poetic Metaphors
65,8,Those who live at earth’s farthest bounds are awed by your signs; you make the gateways of the morning and the evening shout for joy.,0.5859,live earth farthest bounds awed signs make gateways morning evening shout joy,1,Poetic Metaphors
65,9,"You visit the earth and water it, you greatly enrich it; the river of God is full of water; you provide the people with grain, for so you have prepared it.",0.5046,visit earth water greatly enrich river god full water provide people grain prepared,1,Poetic Metaphors
65,10,"You water its furrows abundantly, settling its ridges, softening it with showers, and blessing its growth.",0.7003,water furrows abundantly settling ridges softening showers blessing growth,1,Poetic Metaphors
65,11,You crown the year with your bounty; your wagon tracks overflow with richness.,0.4939,crown year bounty wagon tracks overflow richness,1,Poetic Metaphors
65,12,"The pastures of the wilderness overflow, the hills gird themselves with joy,",0.5859,pastures wilderness overflow hills gird joy,1,Poetic Metaphors
65,13,"the meadows clothe themselves with flocks, the valleys deck themselves with grain, they shout and sing together for joy.",0.5859,meadows clothe flocks valleys deck grain shout sing together joy,1,Poetic Metaphors
66,1,"Make a joyful noise to God, all the earth;",0.7184,make joyful noise god earth,4,Victory and Power
66,2,sing the glory of his name; give to him glorious praise.,0.9062,sing glory name give glorious praise,4,Victory and Power
66,3,"Say to God, “How awesome are your deeds! Because of your great power, your enemies cringe before you.",0.8122,say god awesome deeds great power enemies cringe,4,Victory and Power
66,4,"All the earth worships you; they sing praises to you, sing praises to your name.”Selah",0.8481,earth worships sing praises sing praises selah,4,Victory and Power
66,5,Come and see what God has done: he is awesome in his deeds among mortals.,0.7351,come see god done awesome deeds among mortals,4,Victory and Power
66,6,"He turned the sea into dry land; they passed through the river on foot. There we rejoiced in him,",0.4588,turned sea dry land passed river foot rejoiced,1,Poetic Metaphors
66,7,"who rules by his might forever, whose eyes keep watch on the nations— let the rebellious not exalt themselves.Selah",-0.296,rules might forever whose eyes keep watch let rebellious exalt,3,Judgment & Righteousness
66,8,"Bless our God, O peoples, let the sound of his praise be heard,",0.8176,bless god peoples let sound praise heard,4,Victory and Power
66,9,"who has kept us among the living, and has not let our feet slip.",0.0,kept us among living let feet slip,1,Poetic Metaphors
66,10,"For you, O God, have tested us; you have tried us as silver is tried.",0.2732,god tested us tried us silver tried,3,Judgment & Righteousness
66,11,You brought us into the net; you laid burdens on our backs;,-0.4019,brought us net laid burdens backs,1,Poetic Metaphors
66,12,you let people ride over our heads; we went through fire and through water; yet you have brought us out to a spacious place.,-0.34,let people ride heads went fire water yet brought us spacious place,1,Poetic Metaphors
66,13,"I will come into your house with burnt offerings; I will pay you my vows,",-0.1027,come house burnt offerings pay vows,0,Hopefulness
66,14,those that my lips uttered and my mouth promised when I was in trouble.,-0.0516,lips uttered mouth promised trouble,3,Judgment & Righteousness
66,15,"I will offer to you burnt offerings of fatlings, with the smoke of the sacrifice of rams; I will make an offering of bulls and goats.Selah",0.0,offer burnt offerings fatlings smoke sacrifice rams make offering bulls,1,Poetic Metaphors
66,16,"Come and hear, all you who fear God, and I will tell what he has done for me.",-0.2732,come hear fear god tell done,4,Victory and Power
66,17,"I cried aloud to him, and he was extolled with my tongue.",-0.3818,cried aloud extolled tongue,1,Poetic Metaphors
66,18,"If I had cherished iniquity in my heart, the Lord would not have listened.",0.8176,cherished iniquity heart lord would listened,0,Hopefulness
66,19,But truly God has listened; he has given heed to the words of my prayer.,0.7579,truly god listened given heed words prayer,4,Victory and Power
66,20,"Blessed be God, because he has not rejected my prayer or removed his steadfast love from me.",0.9313,blessed god rejected prayer removed steadfast love,0,Hopefulness
67,1,"May God be gracious to us and bless us and make his face to shine upon us,Selah",0.8176,may god gracious us bless us make face shine upon us selah,4,Victory and Power
67,2,"that your way may be known upon earth, your saving power among all nations.",0.0,way may known upon earth saving power among nations,2,Protection and Authority
67,3,"Let the peoples praise you, O God; let all the peoples praise you.",0.8519,let peoples praise god let peoples praise,4,Victory and Power
67,4,"Let the nations be glad and sing for joy, for you judge the peoples with equity and guide the nations upon earth.Selah",0.7783,let nations glad sing joy judge peoples equity guide nations upon,3,Judgment & Righteousness
67,5,"Let the peoples praise you, O God; let all the peoples praise you.",0.8519,let peoples praise god let peoples praise,4,Victory and Power
67,6,"The earth has yielded its increase; God, our God, has blessed us.",0.8555,earth yielded increase god god blessed us,4,Victory and Power
67,7,May God continue to bless us; let all the ends of the earth revere him.,0.5994,may god continue bless us let ends earth revere,4,Victory and Power
68,1,"Let God rise up, let his enemies be scattered; let those who hate him flee before him.",-0.7003,let god rise let enemies scattered let hate flee,4,Victory and Power
68,2,"As smoke is driven away, so drive them away; as wax melts before the fire, let the wicked perish before God.",-0.5719,smoke driven away drive away wax melts fire let wicked perish god,3,Judgment & Righteousness
68,3,But let the righteous be joyful; let them exult before God; let them be jubilant with joy.,0.967,let righteous joyful let exult god let jubilant joy,0,Hopefulness
68,4,"Sing to God, sing praises to his name; lift up a song to him who rides upon the clouds— his name is the Lord— be exultant before him.",0.8591,sing god sing praises name lift song rides upon name exultant,4,Victory and Power
68,5,Father of orphans and protector of widows is God in his holy habitation.,0.2732,father orphans protector widows god holy habitation,4,Victory and Power
68,6,"God gives the desolate a home to live in; he leads out the prisoners to prosperity, but the rebellious live in a parched land.",-0.5267,god gives desolate home live leads prisoners prosperity rebellious live parched land,2,Protection and Authority
68,7,"O God, when you went out before your people, when you marched through the wilderness,Selah",0.2732,god went people marched wilderness selah,2,Protection and Authority
68,8,"the earth quaked, the heavens poured down rain at the presence of God, the God of Sinai, at the presence of God, the God of Israel.",0.8442,earth quaked heavens poured rain presence god god sinai presence god god israel,2,Protection and Authority
68,9,"Rain in abundance, O God, you showered abroad; you restored your heritage when it languished;",0.5423,rain abundance god showered abroad restored heritage languished,2,Protection and Authority
68,10,"your flock found a dwelling in it; in your goodness, O God, you provided for the needy.",0.4215,flock found dwelling goodness god provided needy,4,Victory and Power
68,11,The Lord gives the command; great is the company of those who bore the tidings:,0.4767,lord gives command great company bore tidings,4,Victory and Power
68,12,"“The kings of the armies, they flee, they flee!” The women at home divide the spoil,",0.0,kings armies flee flee women home divide spoil,2,Protection and Authority
68,13,"though they stay among the sheepfolds— the wings of a dove covered with silver, its pinions with green gold.",0.0,though stay among wings dove covered silver pinions green gold,1,Poetic Metaphors
68,14,"When the Almighty scattered kings there, snow fell on Zalmon.",0.0,almighty scattered kings snow fell zalmon,2,Protection and Authority
68,15,"O mighty mountain, mountain of Bashan; O many-peaked mountain, mountain of Bashan!",0.0,mighty mountain mountain bashan mountain mountain bashan,2,Protection and Authority
68,16,"Why do you look with envy, O many-peaked mountain, at the mount that God desired for his abode, where the Lord will reside forever?",0.2732,look envy mountain mount god desired abode lord reside forever,4,Victory and Power
68,17,"With mighty chariotry, twice ten thousand, thousands upon thousands, the Lord came from Sinai into the holy place.",0.0,mighty chariotry twice ten thousand thousands upon thousands lord came sinai holy place,2,Protection and Authority
68,18,"You ascended the high mount, leading captives in your train and receiving gifts from people, even from those who rebel against the Lord God’s abiding there.",-0.1531,ascended high mount leading captives train receiving gifts people even rebel lord god abiding,2,Protection and Authority
68,19,"Blessed be the Lord, who daily bears us up; God is our salvation.Selah",0.7184,blessed lord daily bears us god,4,Victory and Power
68,20,"Our God is a God of salvation, and to God, the Lord, belongs escape from death.",0.2732,god god salvation god lord belongs escape death,4,Victory and Power
68,21,"But God will shatter the heads of his enemies, the hairy crown of those who walk in their guilty ways.",-0.7469,god shatter heads enemies hairy crown walk guilty ways,4,Victory and Power
68,22,"The Lord said, “I will bring them back from Bashan, I will bring them back from the depths of the sea,",0.0,lord said bring back bashan bring back depths sea,2,Protection and Authority
68,23,"so that you may bathe your feet in blood, so that the tongues of your dogs may have their share from the foe.”",0.296,may bathe feet blood tongues dogs may share foe,1,Poetic Metaphors
68,24,"Your solemn processions are seen, O God, the processions of my God, my King, into the sanctuary—",0.4404,solemn processions seen god processions god king,4,Victory and Power
68,25,"the singers in front, the musicians last, between them girls playing tambourines:",0.2023,singers front musicians last girls playing tambourines,1,Poetic Metaphors
68,26,"“Bless God in the great congregation, the Lord, O you who are of Israel’s fountain!”",0.7574,bless god great congregation lord israel fountain,2,Protection and Authority
68,27,"There is Benjamin, the least of them, in the lead, the princes of Judah in a body, the princes of Zebulun, the princes of Naphtali.",0.0,benjamin least lead princes judah body princes zebulun princes naphtali,2,Protection and Authority
68,28,"Summon your might, O God; show your strength, O God, as you have done for us before.",0.7506,summon might god show strength god done us,4,Victory and Power
68,29,Because of your temple at Jerusalem kings bear gifts to you.,0.0,temple jerusalem kings bear gifts,2,Protection and Authority
68,30,"Rebuke the wild animals that live among the reeds, the herd of bulls with the calves of the peoples. Trample under foot those who lust after tribute; scatter the peoples who delight in war.",0.0,rebuke wild animals live among reeds herd bulls calves peoples trample foot lust tribute scatter peoples delight war,1,Poetic Metaphors
68,31,Let bronze be brought from Egypt; let Ethiopia hasten to stretch out its hands to God.,0.2732,let bronze brought egypt let ethiopia hasten stretch hands god,2,Protection and Authority
68,32,"Sing to God, O kingdoms of the earth; sing praises to the Lord,Selah",0.6705,sing god kingdoms earth sing praises lord selah,4,Victory and Power
68,33,"O rider in the heavens, the ancient heavens; listen, he sends out his voice, his mighty voice.",0.6597,rider heavens ancient heavens listen sends voice mighty voice,4,Victory and Power
68,34,"Ascribe power to God, whose majesty is over Israel; and whose power is in the skies.",0.2732,ascribe power god whose majesty israel whose power skies,2,Protection and Authority
68,35,"Awesome is God in his sanctuary, the God of Israel; he gives power and strength to his people. Blessed be God!",0.9501,awesome god sanctuary god israel gives power strength people blessed god,2,Protection and Authority
69,1,"Save me, O God, for the waters have come up to my neck.",0.6486,save god waters come neck,4,Victory and Power
69,2,"I sink in deep mire, where there is no foothold; I have come into deep waters, and the flood sweeps over me.",-0.296,sink deep mire foothold come deep waters flood sweeps,1,Poetic Metaphors
69,3,I am weary with my crying; my throat is parched. My eyes grow dim with waiting for my God.,-0.4767,weary crying throat parched eyes grow dim waiting god,4,Victory and Power
69,4,"More in number than the hairs of my head are those who hate me without cause; many are those who would destroy me, my enemies who accuse me falsely. What I did not steal must I now restore?",-0.7778,number hairs head hate without cause many would destroy enemies accuse falsely steal must restore,3,Judgment & Righteousness
69,5,"O God, you know my folly; the wrongs I have done are not hidden from you.",0.2732,god know folly wrongs done hidden,3,Judgment & Righteousness
69,6,"Do not let those who hope in you be put to shame because of me, O Lord God of hosts; do not let those who seek you be dishonored because of me, O God of Israel.",0.4588,let hope put shame lord god hosts let seek dishonored god israel,2,Protection and Authority
69,7,"It is for your sake that I have borne reproach, that shame has covered my face.",-0.4767,sake borne reproach shame covered face,3,Judgment & Righteousness
69,8,"I have become a stranger to my kindred, an alien to my mother’s children.",0.0,become stranger kindred alien mother children,1,Poetic Metaphors
69,9,It is zeal for your house that has consumed me; the insults of those who insult you have fallen on me.,-0.8225,zeal house consumed insults insult fallen,3,Judgment & Righteousness
69,10,"When I humbled my soul with fasting, they insulted me for doing so.",-0.5106,humbled soul fasting insulted,3,Judgment & Righteousness
69,11,"When I made sackcloth my clothing, I became a byword to them.",0.0,made sackcloth clothing became byword,1,Poetic Metaphors
69,12,"I am the subject of gossip for those who sit in the gate, and the drunkards make songs about me.",-0.1779,subject gossip sit gate drunkards make songs,1,Poetic Metaphors
69,13,"But as for me, my prayer is to you, O Lord. At an acceptable time, O God, in the abundance of your steadfast love, answer me. With your faithful help",0.9694,prayer lord acceptable time god abundance steadfast love answer faithful help,0,Hopefulness
69,14,rescue me from sinking in the mire; let me be delivered from my enemies and from the deep waters.,0.0258,rescue sinking mire let delivered enemies deep waters,1,Poetic Metaphors
69,15,"Do not let the flood sweep over me, or the deep swallow me up, or the Pit close its mouth over me.",0.0,let flood sweep deep swallow pit close mouth,1,Poetic Metaphors
69,16,"Answer me, O Lord, for your steadfast love is good; according to your abundant mercy, turn to me.",0.891,answer lord steadfast love good according abundant mercy turn,0,Hopefulness
69,17,"Do not hide your face from your servant, for I am in distress—make haste to answer me.",0.1326,hide face servant haste answer,3,Judgment & Righteousness
69,18,"Draw near to me, redeem me, set me free because of my enemies.",0.0258,draw near redeem set free enemies,1,Poetic Metaphors
69,19,"You know the insults I receive, and my shame and dishonor; my foes are all known to you.",-0.836,know insults receive shame dishonor foes known,3,Judgment & Righteousness
69,20,"Insults have broken my heart, so that I am in despair. I looked for pity, but there was none; and for comforters, but I found none.",-0.6036,insults broken heart despair looked pity none comforters found none,3,Judgment & Righteousness
69,21,"They gave me poison for food, and for my thirst they gave me vinegar to drink.",-0.5423,gave poison food thirst gave vinegar drink,1,Poetic Metaphors
69,22,"Let their table be a trap for them, a snare for their allies.",-0.3182,let table trap snare allies,1,Poetic Metaphors
69,23,"Let their eyes be darkened so that they cannot see, and make their loins tremble continually.",-0.2732,let eyes darkened see make loins tremble continually,1,Poetic Metaphors
69,24,"Pour out your indignation upon them, and let your burning anger overtake them.",-0.7964,pour indignation upon let burning anger overtake,3,Judgment & Righteousness
69,25,May their camp be a desolation; let no one live in their tents.,-0.296,may camp desolation let one live tents,1,Poetic Metaphors
69,26,"For they persecute those whom you have struck down, and those whom you have wounded, they attack still more.",-0.802,persecute struck wounded attack still,3,Judgment & Righteousness
69,27,Add guilt to their guilt; may they have no acquittal from you.,-0.6597,add guilt guilt may acquittal,3,Judgment & Righteousness
69,29,"But I am lowly and in pain; let your salvation, O God, protect me.",-0.2263,lowly pain let salvation god protect,0,Hopefulness
69,30,I will praise the name of God with a song; I will magnify him with thanksgiving.,0.6908,praise name god song magnify thanksgiving,4,Victory and Power
69,31,This will please the Lord more than an ox or a bull with horns and hoofs.,0.3182,please lord ox bull horns hoofs,1,Poetic Metaphors
69,32,"Let the oppressed see it and be glad; you who seek God, let your hearts revive.",0.8271,let oppressed see glad seek god let hearts revive,0,Hopefulness
69,33,"For the Lord hears the needy, and does not despise his own that are in bonds.",-0.0936,lord hears needy despise bonds,4,Victory and Power
69,34,"Let heaven and earth praise him, the seas and everything that moves in them.",0.7845,let heaven earth praise seas everything moves,4,Victory and Power
69,35,For God will save Zion and rebuild the cities of Judah; and his servants shall live there and possess it;,0.6486,god save zion rebuild cities judah servants shall live possess,2,Protection and Authority
69,36,"the children of his servants shall inherit it, and those who love his name shall live in it.",0.6369,children servants shall inherit love name shall live,0,Hopefulness
70,1,"Be pleased, O God, to deliver me. O Lord, make haste to help me!",0.7901,pleased god deliver lord make haste help,4,Victory and Power
70,2,Let those be put to shame and confusion who seek my life. Let those be turned back and brought to dishonor who desire to hurt me.,-0.7184,let put shame confusion seek life let turned back brought dishonor desire hurt,3,Judgment & Righteousness
70,3,"Let those who say, “Aha, Aha!” turn back because of their shame.",-0.5255,let say aha aha turn back shame,3,Judgment & Righteousness
70,4,"Let all who seek you rejoice and be glad in you. Let those who love your salvation say evermore, “God is great!”",0.8858,let seek rejoice glad let love salvation say evermore god great,0,Hopefulness
70,5,"But I am poor and needy; hasten to me, O God! You are my help and my deliverer; O Lord, do not delay!",0.2446,poor needy hasten god help deliverer lord delay,4,Victory and Power
71,1,"In you, O Lord, I take refuge; let me never be put to shame.",-0.4767,lord take refuge let never put shame,4,Victory and Power
71,2,In your righteousness deliver me and rescue me; incline your ear to me and save me.,0.7579,righteousness deliver rescue incline ear save,0,Hopefulness
71,3,"Be to me a rock of refuge, a strong fortress, to save me, for you are my rock and my fortress.",0.7579,rock refuge strong fortress save rock fortress,1,Poetic Metaphors
71,4,"Rescue me, O my God, from the hand of the wicked, from the grasp of the unjust and cruel.",-0.4404,rescue god hand wicked grasp unjust cruel,3,Judgment & Righteousness
71,5,"For you, O Lord, are my hope, my trust, O Lord, from my youth.",0.7351,lord hope trust lord youth,4,Victory and Power
71,6,Upon you I have leaned from my birth; it was you who took me from my mother’s womb. My praise is continually of you.,0.5574,upon leaned birth took mother womb praise continually,0,Hopefulness
71,7,"I have been like a portent to many, but you are my strong refuge.",0.7351,like portent many strong refuge,3,Judgment & Righteousness
71,8,"My mouth is filled with your praise, and with your glory all day long.",0.7964,mouth filled praise glory day long,4,Victory and Power
71,9,Do not cast me off in the time of old age; do not forsake me when my strength is spent.,0.4939,cast time old age forsake strength spent,1,Poetic Metaphors
71,10,"For my enemies speak concerning me, and those who watch for my life consult together.",-0.4939,enemies speak concerning watch life consult together,3,Judgment & Righteousness
71,11,"They say, “Pursue and seize that person whom God has forsaken, for there is no one to deliver.”",-0.0258,say pursue seize person god forsaken one deliver,4,Victory and Power
71,12,"O God, do not be far from me; O my God, make haste to help me!",0.7345,god far god make haste help,4,Victory and Power
71,13,Let my accusers be put to shame and consumed; let those who seek to hurt me be covered with scorn and disgrace.,-0.9081,let accusers put shame consumed let seek hurt covered scorn disgrace,3,Judgment & Righteousness
71,14,"But I will hope continually, and will praise you yet more and more.",0.8674,hope continually praise yet,0,Hopefulness
71,15,"My mouth will tell of your righteous acts, of your deeds of salvation all day long, though their number is past my knowledge.",0.0772,mouth tell righteous acts deeds salvation day long though number past knowledge,0,Hopefulness
71,16,"I will come praising the mighty deeds of the Lord God, I will praise your righteousness, yours alone.",0.802,come praising mighty deeds lord god praise righteousness alone,4,Victory and Power
71,17,"O God, from my youth you have taught me, and I still proclaim your wondrous deeds.",0.2732,god youth taught still proclaim wondrous deeds,4,Victory and Power
71,18,"So even to old age and gray hairs, O God, do not forsake me, until I proclaim your might to all the generations to come. Your power",0.2732,even old age gray hairs god forsake proclaim might generations come power,4,Victory and Power
71,19,"and your righteousness, O God, reach the high heavens. You who have done great things, O God, who is like you?",0.9118,righteousness god reach high heavens done great things god like,4,Victory and Power
71,20,You who have made me see many troubles and calamities will revive me again; from the depths of the earth you will bring me up again.,-0.1531,made see many troubles calamities revive depths earth bring,1,Poetic Metaphors
71,21,"You will increase my honor, and comfort me once again.",0.7906,increase honor comfort,0,Hopefulness
71,22,"I will also praise you with the harp for your faithfulness, O my God; I will sing praises to you with the lyre, O Holy One of Israel.",0.9001,also praise harp faithfulness god sing praises lyre holy one israel,4,Victory and Power
71,23,"My lips will shout for joy when I sing praises to you; my soul also, which you have rescued.",0.875,lips shout joy sing praises soul also rescued,0,Hopefulness
71,24,"All day long my tongue will talk of your righteous help, for those who tried to do me harm have been put to shame, and disgraced.",-0.7845,day long tongue talk righteous help tried harm put shame disgraced,3,Judgment & Righteousness
72,1,"Give the king your justice, O God, and your righteousness to a king’s son.",0.6705,give king justice god righteousness king son,4,Victory and Power
72,2,"May he judge your people with righteousness, and your poor with justice.",0.0772,may judge people righteousness poor justice,3,Judgment & Righteousness
72,3,"May the mountains yield prosperity for the people, and the hills, in righteousness.",0.0,may mountains yield prosperity people hills righteousness,2,Protection and Authority
72,4,"May he defend the cause of the poor of the people, give deliverance to the needy, and crush the oppressor.",-0.7269,may defend cause poor people give deliverance needy crush oppressor,3,Judgment & Righteousness
72,5,"May he live while the sun endures, and as long as the moon, throughout all generations.",0.0,may live sun endures long moon throughout generations,1,Poetic Metaphors
72,6,"May he be like rain that falls on the mown grass, like showers that water the earth.",0.6124,may like rain falls mown grass like showers water earth,1,Poetic Metaphors
72,7,"In his days may righteousness flourish and peace abound, until the moon is no more.",0.3182,days may righteousness flourish peace abound moon,0,Hopefulness
72,8,"May he have dominion from sea to sea, and from the River to the ends of the earth.",0.0,may dominion sea sea river ends earth,1,Poetic Metaphors
72,9,"May his foes bow down before him, and his enemies lick the dust.",-0.7351,may foes bow enemies lick dust,1,Poetic Metaphors
72,10,"May the kings of Tarshish and of the isles render him tribute, may the kings of Sheba and Seba bring gifts.",0.0,may kings tarshish isles render tribute may kings sheba seba bring gifts,2,Protection and Authority
72,11,"May all kings fall down before him, all nations give him service.",0.0,may kings fall nations give service,2,Protection and Authority
72,12,"For he delivers the needy when they call, the poor and those who have no helper.",-0.7605,delivers needy call poor helper,3,Judgment & Righteousness
72,13,"He has pity on the weak and the needy, and saves the lives of the needy.",-0.836,pity weak needy saves lives needy,0,Hopefulness
72,14,From oppression and violence he redeems their life; and precious is their blood in his sight.,-0.1027,oppression violence redeems life precious blood sight,3,Judgment & Righteousness
72,15,"Long may he live! May gold of Sheba be given to him. May prayer be made for him continually, and blessings invoked for him all day long.",0.5848,long may live may gold sheba given may prayer made continually blessings invoked day long,0,Hopefulness
72,16,May there be abundance of grain in the land; may it wave on the tops of the mountains; may its fruit be like Lebanon; and may people blossom in the cities like the grass of the field.,0.8074,may abundance grain land may wave tops mountains may fruit like lebanon may people blossom cities like grass field,1,Poetic Metaphors
72,17,"May his name endure forever, his fame continue as long as the sun. May all nations be blessed in him; may they pronounce him happy.",0.8885,may name endure forever fame continue long sun may nations blessed may pronounce happy,0,Hopefulness
72,18,"Blessed be the Lord, the God of Israel, who alone does wondrous things.",0.6124,blessed lord god israel alone wondrous things,2,Protection and Authority
72,19,Blessed be his glorious name forever; may his glory fill the whole earth. Amen and Amen.,0.9118,blessed glorious name forever may glory fill whole earth amen amen,4,Victory and Power
72,20,The prayers of David son of Jesse are ended.,0.0,prayers david son jesse ended,2,Protection and Authority
73,1,"Truly God is good to the upright, to those who are pure in heart.",0.9022,truly god good upright pure heart,0,Hopefulness
73,2,"But as for me, my feet had almost stumbled; my steps had nearly slipped.",0.0,feet almost stumbled steps nearly slipped,1,Poetic Metaphors
73,3,For I was envious of the arrogant; I saw the prosperity of the wicked.,-0.8271,envious arrogant saw prosperity wicked,3,Judgment & Righteousness
73,4,For they have no pain; their bodies are sound and sleek.,0.4023,pain bodies sound sleek,1,Poetic Metaphors
73,5,They are not in trouble as others are; they are not plagued like other people.,0.0382,trouble others plagued like people,3,Judgment & Righteousness
73,6,Therefore pride is their necklace; violence covers them like a garment.,-0.0516,therefore pride necklace violence covers like garment,3,Judgment & Righteousness
73,7,Their eyes swell out with fatness; their hearts overflow with follies.,0.6486,eyes swell fatness hearts overflow follies,1,Poetic Metaphors
73,8,They scoff and speak with malice; loftily they threaten oppression.,-0.3818,scoff speak malice loftily threaten oppression,3,Judgment & Righteousness
73,9,"They set their mouths against heaven, and their tongues range over the earth.",0.5106,set mouths heaven tongues range earth,1,Poetic Metaphors
73,10,"Therefore the people turn and praise them, and find no fault in them.",0.7057,therefore people turn praise find fault,3,Judgment & Righteousness
73,11,"And they say, “How can God know? Is there knowledge in the Most High?”",0.3527,say god know knowledge high,4,Victory and Power
73,12,"Such are the wicked; always at ease, they increase in riches.",0.5859,wicked always ease increase riches,3,Judgment & Righteousness
73,13,All in vain I have kept my heart clean and washed my hands in innocence.,0.7717,vain kept heart clean washed hands innocence,0,Hopefulness
73,14,"For all day long I have been plagued, and am punished every morning.",-0.4588,day long plagued punished every morning,3,Judgment & Righteousness
73,15,"If I had said, “I will talk on in this way,” I would have been untrue to the circle of your children.",0.0,said talk way would untrue circle children,1,Poetic Metaphors
73,16,"But when I thought how to understand this, it seemed to me a wearisome task,",0.0,thought understand seemed wearisome task,1,Poetic Metaphors
73,17,until I went into the sanctuary of God; then I perceived their end.,0.2732,went sanctuary god perceived end,4,Victory and Power
73,18,Truly you set them in slippery places; you make them fall to ruin.,-0.2263,truly set slippery places make fall ruin,1,Poetic Metaphors
73,19,"How they are destroyed in a moment, swept away utterly by terrors!",-0.8111,destroyed moment swept away utterly terrors,3,Judgment & Righteousness
73,20,They are like a dream when one awakes; on awaking you despise their phantoms.,0.2732,like dream one awakes awaking despise phantoms,1,Poetic Metaphors
73,21,"When my soul was embittered, when I was pricked in heart,",0.4939,soul embittered pricked heart,0,Hopefulness
73,22,I was stupid and ignorant; I was like a brute beast toward you.,-0.4588,stupid ignorant like brute beast toward,3,Judgment & Righteousness
73,23,Nevertheless I am continually with you; you hold my right hand.,0.4939,nevertheless continually hold right hand,0,Hopefulness
73,24,"You guide me with your counsel, and afterward you will receive me with honor.",0.4939,guide counsel afterward receive honor,0,Hopefulness
73,25,Whom have I in heaven but you? And there is nothing on earth that I desire other than you.,0.6908,heaven nothing earth desire,0,Hopefulness
73,26,"My flesh and my heart may fail, but God is the strength of my heart and my portion forever.",0.9337,flesh heart may fail god strength heart portion forever,0,Hopefulness
73,27,"Indeed, those who are far from you will perish; you put an end to those who are false to you.",0.0,indeed far perish put end false,1,Poetic Metaphors
73,28,"But for me it is good to be near God; I have made the Lord God my refuge, to tell of all your works.",0.8462,good near god made lord god refuge tell works,4,Victory and Power
74,1,"O God, why do you cast us off forever? Why does your anger smoke against the sheep of your pasture?",-0.4515,god cast us forever anger smoke sheep pasture,3,Judgment & Righteousness
74,2,"Remember your congregation, which you acquired long ago, which you redeemed to be the tribe of your heritage. Remember Mount Zion, where you came to dwell.",0.4215,remember congregation acquired long ago redeemed tribe heritage remember mount zion came dwell,2,Protection and Authority
74,3,Direct your steps to the perpetual ruins; the enemy has destroyed everything in the sanctuary.,-0.8625,direct steps perpetual ruins enemy destroyed everything sanctuary,1,Poetic Metaphors
74,4,Your foes have roared within your holy place; they set up their emblems there.,-0.4588,foes roared within holy place set emblems,2,Protection and Authority
74,5,At the upper entrance they hacked the wooden trellis with axes.,-0.4019,upper entrance hacked wooden trellis axes,1,Poetic Metaphors
74,6,"And then, with hatchets and hammers, they smashed all its carved work.",0.0,hatchets hammers smashed carved work,1,Poetic Metaphors
74,7,"They set your sanctuary on fire; they desecrated the dwelling place of your name, bringing it to the ground.",-0.3182,set sanctuary fire desecrated dwelling place name bringing ground,1,Poetic Metaphors
74,8,"They said to themselves, “We will utterly subdue them”; they burned all the meeting places of God in the land.",0.2732,said utterly subdue burned meeting places god land,4,Victory and Power
74,9,"We do not see our emblems; there is no longer any prophet, and there is no one among us who knows how long.",-0.5267,see emblems longer prophet one among us knows long,2,Protection and Authority
74,10,"How long, O God, is the foe to scoff? Is the enemy to revile your name forever?",-0.6868,long god foe scoff enemy revile name forever,3,Judgment & Righteousness
74,11,Why do you hold back your hand; why do you keep your hand in your bosom?,0.7506,hold back hand keep hand bosom,1,Poetic Metaphors
74,12,"Yet God my King is from of old, working salvation in the earth.",0.2732,yet god king old working salvation earth,4,Victory and Power
74,13,You divided the sea by your might; you broke the heads of the dragons in the waters.,-0.4215,divided sea might broke heads dragons waters,1,Poetic Metaphors
74,14,You crushed the heads of Leviathan; you gave him as food for the creatures of the wilderness.,-0.4215,crushed heads leviathan gave food creatures wilderness,1,Poetic Metaphors
74,15,You cut openings for springs and torrents; you dried up ever-flowing streams.,-0.2732,cut openings springs torrents dried streams,1,Poetic Metaphors
74,16,"Yours is the day, yours also the night; you established the luminaries and the sun.",0.0,day also night established luminaries sun,1,Poetic Metaphors
74,17,You have fixed all the bounds of the earth; you made summer and winter.,0.0,fixed bounds earth made summer winter,1,Poetic Metaphors
74,18,"Remember this, O Lord, how the enemy scoffs, and an impious people reviles your name.",-0.5423,remember lord enemy scoffs impious people reviles name,3,Judgment & Righteousness
74,19,Do not deliver the soul of your dove to the wild animals; do not forget the life of your poor forever.,-0.3472,deliver soul dove wild animals forget life poor forever,0,Hopefulness
74,20,"Have regard for your covenant, for the dark places of the land are full of the haunts of violence.",-0.7269,regard covenant dark places land full haunts violence,2,Protection and Authority
74,21,Do not let the downtrodden be put to shame; let the poor and needy praise your name.,-0.6124,let downtrodden put shame let poor needy praise name,3,Judgment & Righteousness
74,22,"Rise up, O God, plead your cause; remember how the impious scoff at you all day long.",0.2732,rise god plead cause remember impious scoff day long,4,Victory and Power
74,23,"Do not forget the clamor of your foes, the uproar of your adversaries that goes up continually.",-0.5162,forget clamor foes uproar adversaries goes continually,3,Judgment & Righteousness
75,1,"We give thanks to you, O God; we give thanks; your name is near. People tell of your wondrous deeds.",0.7845,give thanks god give thanks name near people tell wondrous deeds,4,Victory and Power
75,2,At the set time that I appoint I will judge with equity.,0.0,set time appoint judge equity,1,Poetic Metaphors
75,3,"When the earth totters, with all its inhabitants, it is I who keep its pillars steady.Selah",0.0,earth totters inhabitants keep pillars,1,Poetic Metaphors
75,4,"I say to the boastful, “Do not boast,” and to the wicked, “Do not lift up your horn;",-0.5267,say boastful boast wicked lift horn,3,Judgment & Righteousness
75,5,"do not lift up your horn on high, or speak with insolent neck.”",0.0,lift horn high speak insolent neck,1,Poetic Metaphors
75,6,For not from the east or from the west and not from the wilderness comes lifting up;,0.0,east west wilderness comes lifting,1,Poetic Metaphors
75,7,"but it is God who executes judgment, putting down one and lifting up another.",0.3919,god executes judgment putting one lifting another,4,Victory and Power
75,8,"For in the hand of the Lord there is a cup with foaming wine, well mixed; he will pour a draught from it, and all the wicked of the earth shall drain it down to the dregs.",0.2263,hand lord cup foaming wine well mixed pour draught wicked earth shall drain dregs,1,Poetic Metaphors
75,9,But I will rejoice forever; I will sing praises to the God of Jacob.,0.9022,rejoice forever sing praises god jacob,0,Hopefulness
75,10,"All the horns of the wicked I will cut off, but the horns of the righteous shall be exalted.",-0.4118,horns wicked cut horns righteous shall exalted,3,Judgment & Righteousness
76,1,"In Judah God is known, his name is great in Israel.",0.7351,judah god known name great israel,2,Protection and Authority
76,2,"His abode has been established in Salem, his dwelling place in Zion.",0.0258,abode established salem dwelling place zion,2,Protection and Authority
76,3,"There he broke the flashing arrows, the shield, the sword, and the weapons of war.Selah",-0.6908,broke flashing arrows shield sword weapons,1,Poetic Metaphors
76,4,"Glorious are you, more majestic than the everlasting mountains.",0.6369,glorious majestic everlasting mountains,2,Protection and Authority
76,5,The stouthearted were stripped of their spoil; they sank into sleep; none of the troops was able to lift a hand.,0.4939,stouthearted stripped spoil sank sleep none troops able lift hand,1,Poetic Metaphors
76,6,"At your rebuke, O God of Jacob, both rider and horse lay stunned.",0.1779,rebuke god jacob rider horse lay stunned,4,Victory and Power
76,7,But you indeed are awesome! Who can stand before you when once your anger is roused?,0.2244,indeed awesome stand anger roused,3,Judgment & Righteousness
76,8,From the heavens you uttered judgment; the earth feared and was still,-0.128,heavens uttered judgment earth feared still,4,Victory and Power
76,9,"when God rose up to establish judgment, to save all the oppressed of the earth.Selah",0.296,god rose establish judgment save oppressed,3,Judgment & Righteousness
76,10,"Human wrath serves only to praise you, when you bind the last bit of your wrath around you.",0.5574,human wrath serves praise bind last bit wrath around,3,Judgment & Righteousness
76,11,"Make vows to the Lord your God, and perform them; let all who are around him bring gifts to the one who is awesome,",0.7351,make vows lord god perform let around bring gifts one awesome,0,Hopefulness
76,12,"who cuts off the spirit of princes, who inspires fear in the kings of the earth.",-0.2023,cuts spirit princes inspires fear kings earth,4,Victory and Power
77,1,"I cry aloud to God, aloud to God, that he may hear me.",0.0258,cry aloud god aloud god may hear,4,Victory and Power
77,2,In the day of my trouble I seek the Lord; in the night my hand is stretched out without wearying; my soul refuses to be comforted.,0.5106,day trouble seek lord night hand stretched without wearying soul refuses comforted,3,Judgment & Righteousness
77,3,"I think of God, and I moan; I meditate, and my spirit faints.Selah",0.296,think god moan meditate spirit,4,Victory and Power
77,4,You keep my eyelids from closing; I am so troubled that I cannot speak.,-0.5949,keep eyelids closing troubled speak,1,Poetic Metaphors
77,5,"I consider the days of old, and remember the years of long ago.",0.0,consider days old remember years long ago,1,Poetic Metaphors
77,6,I commune with my heart in the night; I meditate and search my spirit:,0.7096,commune heart night meditate search spirit,0,Hopefulness
77,7,"“Will the Lord spurn forever, and never again be favorable?",-0.3724,lord spurn forever never favorable,4,Victory and Power
77,8,Has his steadfast love ceased forever? Are his promises at an end for all time?,0.8466,steadfast love ceased forever promises end time,0,Hopefulness
77,9,Has God forgotten to be gracious? Has he in anger shut up his compassion?”Selah,0.1179,god forgotten gracious anger shut compassion selah,3,Judgment & Righteousness
77,10,"And I say, “It is my grief that the right hand of the Most High has changed.”",0.0,say grief right hand high changed,1,Poetic Metaphors
77,11,I will call to mind the deeds of the Lord; I will remember your wonders of old.,0.0,call mind deeds lord remember wonders old,4,Victory and Power
77,12,"I will meditate on all your work, and muse on your mighty deeds.",0.0,meditate work muse mighty deeds,0,Hopefulness
77,13,"Your way, O God, is holy. What god is so great as our God?",0.8655,way god holy god great god,4,Victory and Power
77,14,You are the God who works wonders; you have displayed your might among the peoples.,0.2732,god works wonders displayed might among peoples,4,Victory and Power
77,15,"With your strong arm you redeemed your people, the descendants of Jacob and Joseph.Selah",0.6808,strong arm redeemed people descendants jacob,2,Protection and Authority
77,16,"When the waters saw you, O God, when the waters saw you, they were afraid; the very deep trembled.",-0.0717,waters saw god waters saw afraid deep trembled,1,Poetic Metaphors
77,17,The clouds poured out water; the skies thundered; your arrows flashed on every side.,0.0,clouds poured water skies thundered arrows flashed every side,1,Poetic Metaphors
77,18,The crash of your thunder was in the whirlwind; your lightnings lit up the world; the earth trembled and shook.,-0.6369,crash thunder whirlwind lightnings lit world earth trembled shook,1,Poetic Metaphors
77,19,"Your way was through the sea, your path, through the mighty waters; yet your footprints were unseen.",0.0,way sea path mighty waters yet footprints unseen,1,Poetic Metaphors
77,20,You led your people like a flock by the hand of Moses and Aaron.,0.6908,led people like flock hand moses aaron,2,Protection and Authority
78,1,"Give ear, O my people, to my teaching; incline your ears to the words of my mouth.",0.0,give ear people teaching incline ears words mouth,1,Poetic Metaphors
78,2,"I will open my mouth in a parable; I will utter dark sayings from of old,",0.0,open mouth parable utter dark sayings old,3,Judgment & Righteousness
78,3,"things that we have heard and known, that our ancestors have told us.",0.0,things heard known ancestors told us,1,Poetic Metaphors
78,4,"We will not hide them from their children; we will tell to the coming generation the glorious deeds of the Lord, and his might, and the wonders that he has done.",0.6925,hide children tell coming generation glorious deeds lord might wonders done,4,Victory and Power
78,5,"He established a decree in Jacob, and appointed a law in Israel, which he commanded our ancestors to teach to their children;",0.0,established decree jacob appointed law israel commanded ancestors teach children,2,Protection and Authority
78,6,"that the next generation might know them, the children yet unborn, and rise up and tell them to their children,",0.0,next generation might know children yet unborn rise tell children,1,Poetic Metaphors
78,7,"so that they should set their hope in God, and not forget the works of God, but keep his commandments;",0.524,set hope god forget works god keep commandments,0,Hopefulness
78,8,"and that they should not be like their ancestors, a stubborn and rebellious generation, a generation whose heart was not steadfast, whose spirit was not faithful to God.",-0.7421,like ancestors stubborn rebellious generation generation whose heart steadfast whose spirit faithful god,0,Hopefulness
78,9,"The Ephraimites, armed with the bow, turned back on the day of battle.",-0.3818,ephraimites armed bow turned back day battle,1,Poetic Metaphors
78,10,"They did not keep God’s covenant, but refused to walk according to his law.",-0.4215,keep god covenant refused walk according law,2,Protection and Authority
78,11,"They forgot what he had done, and the miracles that he had shown them.",0.0,forgot done miracles shown,1,Poetic Metaphors
78,12,"In the sight of their ancestors he worked marvels in the land of Egypt, in the fields of Zoan.",0.4588,sight ancestors worked marvels land egypt fields zoan,2,Protection and Authority
78,13,"He divided the sea and let them pass through it, and made the waters stand like a heap.",0.3612,divided sea let pass made waters stand like heap,1,Poetic Metaphors
78,14,"In the daytime he led them with a cloud, and all night long with a fiery light.",-0.34,daytime led cloud night long fiery light,1,Poetic Metaphors
78,15,"He split rocks open in the wilderness, and gave them drink abundantly as from the deep.",0.0,split rocks open wilderness gave drink abundantly deep,1,Poetic Metaphors
78,16,"He made streams come out of the rock, and caused waters to flow down like rivers.",0.3612,made streams come rock caused waters flow like rivers,1,Poetic Metaphors
78,17,"Yet they sinned still more against him, rebelling against the Most High in the desert.",-0.3321,yet sinned still rebelling high desert,3,Judgment & Righteousness
78,18,They tested God in their heart by demanding the food they craved.,0.6597,tested god heart demanding food craved,0,Hopefulness
78,19,"They spoke against God, saying, “Can God spread a table in the wilderness?",0.4939,spoke god saying god spread table wilderness,4,Victory and Power
78,20,"Even though he struck the rock so that water gushed out and torrents overflowed, can he also give bread, or provide meat for his people?”",-0.25,even though struck rock water gushed torrents overflowed also give bread provide meat people,1,Poetic Metaphors
78,21,"Therefore, when the Lord heard, he was full of rage; a fire was kindled against Jacob, his anger mounted against Israel,",-0.8658,therefore lord heard full rage fire kindled jacob anger mounted israel,2,Protection and Authority
78,22,"because they had no faith in God, and did not trust his saving power.",-0.4468,faith god trust saving power,0,Hopefulness
78,23,"Yet he commanded the skies above, and opened the doors of heaven;",0.5106,yet commanded skies opened doors heaven,4,Victory and Power
78,24,"he rained down on them manna to eat, and gave them the grain of heaven.",0.5106,rained manna eat gave grain heaven,1,Poetic Metaphors
78,25,Mortals ate of the bread of angels; he sent them food in abundance.,0.0,mortals ate bread angels sent food abundance,2,Protection and Authority
78,26,"He caused the east wind to blow in the heavens, and by his power he led out the south wind;",0.4019,caused east wind blow heavens power led south wind,1,Poetic Metaphors
78,27,"he rained flesh upon them like dust, winged birds like the sand of the seas;",0.6124,rained flesh upon like dust winged birds like sand seas,1,Poetic Metaphors
78,28,"he let them fall within their camp, all around their dwellings.",0.0,let fall within camp around dwellings,1,Poetic Metaphors
78,29,"And they ate and were well filled, for he gave them what they craved.",0.2732,ate well filled gave craved,1,Poetic Metaphors
78,30,"But before they had satisfied their craving, while the food was still in their mouths,",0.5719,satisfied craving food still mouths,0,Hopefulness
78,31,"the anger of God rose against them and he killed the strongest of them, and laid low the flower of Israel.",-0.743,anger god rose killed strongest laid low flower israel,2,Protection and Authority
78,32,In spite of all this they still sinned; they did not believe in his wonders.,-0.5267,spite still sinned believe wonders,3,Judgment & Righteousness
78,33,"So he made their days vanish like a breath, and their years in terror.",-0.2263,made days vanish like breath years terror,1,Poetic Metaphors
78,34,"When he killed them, they sought for him; they repented and sought God earnestly.",-0.5267,killed sought repented sought god earnestly,3,Judgment & Righteousness
78,35,"They remembered that God was their rock, the Most High God their redeemer.",0.539,remembered god rock high god redeemer,4,Victory and Power
78,36,But they flattered him with their mouths; they lied to him with their tongues.,0.0,flattered mouths lied tongues,3,Judgment & Righteousness
78,37,Their heart was not steadfast toward him; they were not true to his covenant.,0.2796,heart steadfast toward true covenant,0,Hopefulness
78,38,"Yet he, being compassionate, forgave their iniquity, and did not destroy them; often he restrained his anger, and did not stir up all his wrath.",0.5789,yet compassionate forgave iniquity destroy often restrained anger stir wrath,3,Judgment & Righteousness
78,39,"He remembered that they were but flesh, a wind that passes and does not come again.",0.0,remembered flesh wind passes come,1,Poetic Metaphors
78,40,How often they rebelled against him in the wilderness and grieved him in the desert!,-0.6476,often rebelled wilderness grieved desert,1,Poetic Metaphors
78,41,"They tested God again and again, and provoked the Holy One of Israel.",0.0,tested god provoked holy one israel,2,Protection and Authority
78,42,"They did not keep in mind his power, or the day when he redeemed them from the foe;",-0.1531,keep mind power day redeemed foe,3,Judgment & Righteousness
78,43,"when he displayed his signs in Egypt, and his miracles in the fields of Zoan.",0.0,displayed signs egypt miracles fields zoan,2,Protection and Authority
78,44,"He turned their rivers to blood, so that they could not drink of their streams.",0.0,turned rivers blood could drink streams,1,Poetic Metaphors
78,45,"He sent among them swarms of flies, which devoured them, and frogs, which destroyed them.",-0.4939,sent among swarms flies devoured frogs destroyed,1,Poetic Metaphors
78,46,"He gave their crops to the caterpillar, and the fruit of their labor to the locust.",0.0,gave crops caterpillar fruit labor locust,1,Poetic Metaphors
78,47,"He destroyed their vines with hail, and their sycamores with frost.",-0.4404,destroyed vines hail sycamores frost,1,Poetic Metaphors
78,48,"He gave over their cattle to the hail, and their flocks to thunderbolts.",0.0772,gave cattle hail flocks thunderbolts,1,Poetic Metaphors
78,49,"He let loose on them his fierce anger, wrath, indignation, and distress, a company of destroying angels.",-0.9468,let loose fierce anger wrath indignation distress company destroying angels,3,Judgment & Righteousness
78,50,"He made a path for his anger; he did not spare them from death, but gave their lives over to the plague.",-0.5859,made path anger spare death gave lives plague,3,Judgment & Righteousness
78,51,"He struck all the firstborn in Egypt, the first issue of their strength in the tents of Ham.",0.296,struck firstborn egypt first issue strength tents ham,2,Protection and Authority
78,52,"Then he led out his people like sheep, and guided them in the wilderness like a flock.",0.6124,led people like sheep guided wilderness like flock,1,Poetic Metaphors
78,53,"He led them in safety, so that they were not afraid; but the sea overwhelmed their enemies.",-0.4767,led safety afraid sea overwhelmed enemies,1,Poetic Metaphors
78,54,"And he brought them to his holy hill, to the mountain that his right hand had won.",0.7845,brought holy hill mountain right hand,2,Protection and Authority
78,55,He drove out nations before them; he apportioned them for a possession and settled the tribes of Israel in their tents.,0.0,drove nations apportioned possession settled tribes israel tents,2,Protection and Authority
78,56,"Yet they tested the Most High God, and rebelled against him. They did not observe his decrees,",0.0972,yet tested high god rebelled observe decrees,4,Victory and Power
78,57,but turned away and were faithless like their ancestors; they twisted like a treacherous bow.,0.6124,turned away faithless like ancestors twisted like treacherous bow,3,Judgment & Righteousness
78,58,For they provoked him to anger with their high places; they moved him to jealousy with their idols.,-0.7964,provoked anger high places moved jealousy idols,3,Judgment & Righteousness
78,59,"When God heard, he was full of wrath, and he utterly rejected Israel.",-0.3597,god heard full wrath utterly rejected israel,2,Protection and Authority
78,60,"He abandoned his dwelling at Shiloh, the tent where he dwelt among mortals,",-0.4404,abandoned dwelling shiloh tent dwelt among mortals,1,Poetic Metaphors
78,61,"and delivered his power to captivity, his glory to the hand of the foe.",0.5859,delivered power captivity glory hand foe,3,Judgment & Righteousness
78,62,"He gave his people to the sword, and vented his wrath on his heritage.",0.0,gave people sword vented wrath heritage,3,Judgment & Righteousness
78,63,"Fire devoured their young men, and their girls had no marriage song.",-0.5574,fire devoured young men girls marriage song,1,Poetic Metaphors
78,64,"Their priests fell by the sword, and their widows made no lamentation.",0.2584,priests fell sword widows made lamentation,3,Judgment & Righteousness
78,65,"Then the Lord awoke as from sleep, like a warrior shouting because of wine.",0.3612,lord awoke sleep like warrior shouting wine,4,Victory and Power
78,66,He put his adversaries to rout; he put them to everlasting disgrace.,-0.6369,put adversaries rout put everlasting disgrace,3,Judgment & Righteousness
78,67,"He rejected the tent of Joseph, he did not choose the tribe of Ephraim;",-0.5106,rejected tent joseph choose tribe ephraim,2,Protection and Authority
78,68,"but he chose the tribe of Judah, Mount Zion, which he loves.",0.7227,chose tribe judah mount zion loves,2,Protection and Authority
78,69,"He built his sanctuary like the high heavens, like the earth, which he has founded forever.",0.7717,built sanctuary like high heavens like earth founded forever,2,Protection and Authority
78,70,"He chose his servant David, and took him from the sheepfolds;",0.0,chose servant david took sheepfolds,2,Protection and Authority
78,71,"from tending the nursing ewes he brought him to be the shepherd of his people Jacob, of Israel, his inheritance.",0.0,tending nursing ewes brought shepherd people jacob israel inheritance,2,Protection and Authority
78,72,"With upright heart he tended them, and guided them with skillful hand.",0.8126,upright heart tended guided skillful hand,1,Poetic Metaphors
79,1,"O God, the nations have come into your inheritance; they have defiled your holy temple; they have laid Jerusalem in ruins.",-0.2023,god nations come inheritance defiled holy temple laid jerusalem ruins,2,Protection and Authority
79,2,"They have given the bodies of your servants to the birds of the air for food, the flesh of your faithful to the wild animals of the earth.",0.4404,given bodies servants birds air food flesh faithful wild animals earth,1,Poetic Metaphors
79,3,"They have poured out their blood like water all around Jerusalem, and there was no one to bury them.",0.0772,poured blood like water around jerusalem one bury,2,Protection and Authority
79,4,"We have become a taunt to our neighbors, mocked and derided by those around us.",-0.4767,become taunt neighbors mocked derided around us,3,Judgment & Righteousness
79,5,"How long, O Lord? Will you be angry forever? Will your jealous wrath burn like fire?",-0.7744,long lord angry forever jealous wrath burn like fire,3,Judgment & Righteousness
79,6,"Pour out your anger on the nations that do not know you, and on the kingdoms that do not call on your name.",-0.5719,pour anger nations know kingdoms call name,2,Protection and Authority
79,7,For they have devoured Jacob and laid waste his habitation.,-0.4215,devoured jacob laid waste habitation,2,Protection and Authority
79,8,"Do not remember against us the iniquities of our ancestors; let your compassion come speedily to meet us, for we are brought very low.",0.1548,remember us iniquities ancestors let compassion come speedily meet us brought low,3,Judgment & Righteousness
79,9,"Help us, O God of our salvation, for the glory of your name; deliver us, and forgive our sins, for your name’s sake.",0.7506,help us god salvation glory name deliver us forgive sins name sake,0,Hopefulness
79,10,"Why should the nations say, “Where is their God?” Let the avenging of the outpoured blood of your servants be known among the nations before our eyes.",0.0,nations say god let avenging outpoured blood servants known among nations eyes,3,Judgment & Righteousness
79,11,Let the groans of the prisoners come before you; according to your great power preserve those doomed to die.,-0.8074,let groans prisoners come according great power preserve doomed die,3,Judgment & Righteousness
79,12,"Return sevenfold into the bosom of our neighbors the taunts with which they taunted you, O Lord!",0.0,return sevenfold bosom neighbors taunts taunted lord,1,Poetic Metaphors
79,13,"Then we your people, the flock of your pasture, will give thanks to you forever; from generation to generation we will recount your praise.",0.7579,people flock pasture give thanks forever generation generation recount praise,0,Hopefulness
80,1,"Give ear, O Shepherd of Israel, you who lead Joseph like a flock! You who are enthroned upon the cherubim, shine forth",0.4199,give ear shepherd israel lead joseph like flock enthroned upon cherubim shine forth,2,Protection and Authority
80,2,"before Ephraim and Benjamin and Manasseh. Stir up your might, and come to save us!",0.5411,ephraim benjamin manasseh stir might come save us,1,Poetic Metaphors
80,3,"Restore us, O God; let your face shine, that we may be saved.",0.7269,restore us god let face shine may saved,0,Hopefulness
80,4,"O Lord God of hosts, how long will you be angry with your people’s prayers?",-0.296,lord god hosts long angry people prayers,4,Victory and Power
80,5,"You have fed them with the bread of tears, and given them tears to drink in full measure.",-0.4215,fed bread tears given tears drink full measure,1,Poetic Metaphors
80,6,You make us the scorn of our neighbors; our enemies laugh among themselves.,-0.3182,make us scorn neighbors enemies laugh among,3,Judgment & Righteousness
80,7,"Restore us, O God of hosts; let your face shine, that we may be saved.",0.7269,restore us god hosts let face shine may saved,4,Victory and Power
80,8,You brought a vine out of Egypt; you drove out the nations and planted it.,0.0,brought vine egypt drove nations planted,2,Protection and Authority
80,9,You cleared the ground for it; it took deep root and filled the land.,0.1027,cleared ground took deep root filled land,1,Poetic Metaphors
80,10,"The mountains were covered with its shade, the mighty cedars with its branches;",0.0,mountains covered shade mighty cedars branches,1,Poetic Metaphors
80,11,"it sent out its branches to the sea, and its shoots to the River.",0.0,sent branches sea shoots river,1,Poetic Metaphors
80,12,"Why then have you broken down its walls, so that all who pass along the way pluck its fruit?",-0.4767,broken walls pass along way pluck fruit,1,Poetic Metaphors
80,13,"The boar from the forest ravages it, and all that move in the field feed on it.",0.0,boar forest ravages move field feed,1,Poetic Metaphors
80,14,"Turn again, O God of hosts; look down from heaven, and see; have regard for this vine,",0.6597,turn god hosts look heaven see regard vine,4,Victory and Power
80,15,the stock that your right hand planted.,0.4939,stock right hand planted,1,Poetic Metaphors
80,16,"They have burned it with fire, they have cut it down; may they perish at the rebuke of your countenance.",-0.5423,burned fire cut may perish rebuke countenance,1,Poetic Metaphors
80,17,"But let your hand be upon the one at your right hand, the one whom you made strong for yourself.",0.9331,let hand upon one right hand one made strong,1,Poetic Metaphors
80,18,"Then we will never turn back from you; give us life, and we will call on your name.",0.0,never turn back give us life call name,1,Poetic Metaphors
80,19,"Restore us, O Lord God of hosts; let your face shine, that we may be saved.",0.7269,restore us lord god hosts let face shine may saved,4,Victory and Power
81,1,Sing aloud to God our strength; shout for joy to the God of Jacob.,0.8807,sing aloud god strength shout joy god jacob,4,Victory and Power
81,2,"Raise a song, sound the tambourine, the sweet lyre with the harp.",0.4588,raise song sound tambourine sweet lyre harp,1,Poetic Metaphors
81,3,"Blow the trumpet at the new moon, at the full moon, on our festal day.",0.0,blow trumpet new moon full moon festal day,1,Poetic Metaphors
81,4,"For it is a statute for Israel, an ordinance of the God of Jacob.",0.2732,statute israel ordinance god jacob,2,Protection and Authority
81,5,"He made it a decree in Joseph, when he went out over the land of Egypt. I hear a voice I had not known:",0.0,made decree joseph went land egypt hear voice known,2,Protection and Authority
81,6,“I relieved your shoulder of the burden; your hands were freed from the basket.,0.34,relieved shoulder burden hands freed basket,1,Poetic Metaphors
81,7,"In distress you called, and I rescued you; I answered you in the secret place of thunder; I tested you at the waters of Meribah.Selah",-0.1531,distress called rescued answered secret place thunder tested waters,1,Poetic Metaphors
81,8,"Hear, O my people, while I admonish you; O Israel, if you would but listen to me!",0.0,hear people admonish israel would listen,2,Protection and Authority
81,9,There shall be no strange god among you; you shall not bow down to a foreign god.,0.2211,shall strange god among shall bow foreign god,4,Victory and Power
81,10,"I am the Lord your God, who brought you up out of the land of Egypt. Open your mouth wide and I will fill it.",0.2732,lord god brought land egypt open mouth wide fill,2,Protection and Authority
81,11,“But my people did not listen to my voice; Israel would not submit to me.,0.0,people listen voice israel would submit,2,Protection and Authority
81,12,"So I gave them over to their stubborn hearts, to follow their own counsels.",0.3818,gave stubborn hearts follow counsels,0,Hopefulness
81,13,"O that my people would listen to me, that Israel would walk in my ways!",0.0,people would listen israel would walk ways,2,Protection and Authority
81,14,"Then I would quickly subdue their enemies, and turn my hand against their foes.",-0.4588,would quickly subdue enemies turn hand foes,1,Poetic Metaphors
81,15,"Those who hate the Lord would cringe before him, and their doom would last forever.",-0.7506,hate lord would cringe doom would last forever,4,Victory and Power
81,16,"I would feed you with the finest of the wheat, and with honey from the rock I would satisfy you.”",0.4588,would feed finest wheat honey rock would satisfy,1,Poetic Metaphors
82,1,God has taken his place in the divine council; in the midst of the gods he holds judgment:,0.6908,god taken place divine council midst gods holds judgment,4,Victory and Power
82,2,“How long will you judge unjustly and show partiality to the wicked?Selah,0.0,long judge unjustly show partiality wicked selah,3,Judgment & Righteousness
82,3,Give justice to the weak and the orphan; maintain the right of the lowly and the destitute.,-0.128,give justice weak orphan maintain right lowly destitute,3,Judgment & Righteousness
82,4,Rescue the weak and the needy; deliver them from the hand of the wicked.”,0.296,rescue weak needy deliver hand wicked,3,Judgment & Righteousness
82,5,"They have neither knowledge nor understanding, they walk around in darkness; all the foundations of the earth are shaken.",-0.3182,neither knowledge understanding walk around darkness foundations earth shaken,1,Poetic Metaphors
82,6,"I say, “You are gods, children of the Most High, all of you;",0.0,say gods children high,4,Victory and Power
82,7,"nevertheless, you shall die like mortals, and fall like any prince.”",0.0258,nevertheless shall die like mortals fall like prince,0,Hopefulness
82,8,"Rise up, O God, judge the earth; for all the nations belong to you!",0.3382,rise god judge earth nations belong,4,Victory and Power
83,1,"O God, do not keep silence; do not hold your peace or be still, O God!",0.1635,god keep silence hold peace still god,4,Victory and Power
83,2,Even now your enemies are in tumult; those who hate you have raised their heads.,-0.7845,even enemies tumult hate raised heads,3,Judgment & Righteousness
83,3,They lay crafty plans against your people; they consult together against those you protect.,0.3818,lay crafty plans people consult together protect,1,Poetic Metaphors
83,4,"They say, “Come, let us wipe them out as a nation; let the name of Israel be remembered no more.”",-0.296,say come let us wipe nation let name israel remembered,2,Protection and Authority
83,5,They conspire with one accord; against you they make a covenant—,0.0,conspire one accord make,1,Poetic Metaphors
83,6,"the tents of Edom and the Ishmaelites, Moab and the Hagrites,",0.0,tents edom ishmaelites moab hagrites,1,Poetic Metaphors
83,7,"Gebal and Ammon and Amalek, Philistia with the inhabitants of Tyre;",0.0,gebal ammon amalek philistia inhabitants tyre,2,Protection and Authority
83,8,Assyria also has joined them; they are the strong arm of the children of Lot.Selah,0.5106,assyria also joined strong arm children,2,Protection and Authority
83,9,"Do to them as you did to Midian, as to Sisera and Jabin at the Wadi Kishon,",0.0,midian sisera jabin wadi kishon,1,Poetic Metaphors
83,10,"who were destroyed at En-dor, who became dung for the ground.",-0.4939,destroyed became dung ground,1,Poetic Metaphors
83,11,"Make their nobles like Oreb and Zeeb, all their princes like Zebah and Zalmunna,",0.6124,make nobles like oreb zeeb princes like zebah zalmunna,2,Protection and Authority
83,12,"who said, “Let us take the pastures of God for our own possession.”",0.2732,said let us take pastures god possession,4,Victory and Power
83,13,"O my God, make them like whirling dust, like chaff before the wind.",0.7269,god make like whirling dust like chaff wind,1,Poetic Metaphors
83,14,"As fire consumes the forest, as the flame sets the mountains ablaze,",-0.34,fire consumes forest flame sets mountains ablaze,1,Poetic Metaphors
83,15,so pursue them with your tempest and terrify them with your hurricane.,-0.5106,pursue tempest terrify hurricane,1,Poetic Metaphors
83,16,"Fill their faces with shame, so that they may seek your name, O Lord.",-0.4767,fill faces shame may seek name lord,4,Victory and Power
83,17,Let them be put to shame and dismayed forever; let them perish in disgrace.,-0.8481,let put shame dismayed forever let perish disgrace,3,Judgment & Righteousness
83,18,"Let them know that you alone, whose name is the Lord, are the Most High over all the earth.",-0.25,let know alone whose name lord high earth,4,Victory and Power
84,1,"How lovely is your dwelling place, O Lord of hosts!",0.636,lovely dwelling place lord hosts,4,Victory and Power
84,2,"My soul longs, indeed it faints for the courts of the Lord; my heart and my flesh sing for joy to the living God.",0.8779,soul longs indeed faints courts lord heart flesh sing joy living god,0,Hopefulness
84,3,"Even the sparrow finds a home, and the swallow a nest for herself, where she may lay her young, at your altars, O Lord of hosts, my King and my God.",0.2732,even sparrow finds home swallow nest may lay young altars lord hosts king god,4,Victory and Power
84,4,"Happy are those who live in your house, ever singing your praise.Selah",0.5719,happy live house ever singing,1,Poetic Metaphors
84,5,"Happy are those whose strength is in you, in whose heart are the highways to Zion.",0.9022,happy whose strength whose heart highways zion,2,Protection and Authority
84,6,As they go through the valley of Baca they make it a place of springs; the early rain also covers it with pools.,0.0,go valley baca make place springs early rain also covers pools,1,Poetic Metaphors
84,7,They go from strength to strength; the God of gods will be seen in Zion.,0.8176,go strength strength god gods seen zion,2,Protection and Authority
84,8,"O Lord God of hosts, hear my prayer; give ear, O God of Jacob!Selah",0.5411,lord god hosts hear prayer give ear god jacob selah,4,Victory and Power
84,9,"Behold our shield, O God; look on the face of your anointed.",0.2732,behold shield god look face anointed,4,Victory and Power
84,10,For a day in your courts is better than a thousand elsewhere. I would rather be a doorkeeper in the house of my God than live in the tents of wickedness.,0.2263,day courts better thousand elsewhere would rather doorkeeper house god live tents wickedness,3,Judgment & Righteousness
84,11,For the Lord God is a sun and shield; he bestows favor and honor. No good thing does the Lord withhold from those who walk uprightly.,0.6802,lord god sun shield bestows favor honor good thing lord withhold walk uprightly,4,Victory and Power
84,12,"O Lord of hosts, happy is everyone who trusts in you.",0.7783,lord hosts happy everyone trusts,4,Victory and Power
85,1,"Lord, you were favorable to your land; you restored the fortunes of Jacob.",0.6705,lord favorable land restored fortunes jacob,2,Protection and Authority
85,2,You forgave the iniquity of your people; you pardoned all their sin.Selah,0.5106,forgave iniquity people pardoned,3,Judgment & Righteousness
85,3,You withdrew all your wrath; you turned from your hot anger.,-0.5719,withdrew wrath turned hot anger,3,Judgment & Righteousness
85,4,"Restore us again, O God of our salvation, and put away your indignation toward us.",-0.0258,restore us god salvation put away indignation toward us,0,Hopefulness
85,5,Will you be angry with us forever? Will you prolong your anger to all generations?,-0.8105,angry us forever prolong anger generations,3,Judgment & Righteousness
85,6,"Will you not revive us again, so that your people may rejoice in you?",0.2177,revive us people may rejoice,0,Hopefulness
85,7,"Show us your steadfast love, O Lord, and grant us your salvation.",0.8271,show us steadfast love lord grant us salvation,0,Hopefulness
85,8,"Let me hear what God the Lord will speak, for he will speak peace to his people, to his faithful, to those who turn to him in their hearts.",0.9153,let hear god lord speak speak peace people faithful turn hearts,0,Hopefulness
85,9,"Surely his salvation is at hand for those who fear him, that his glory may dwell in our land.",0.7845,surely salvation hand fear glory may dwell land,0,Hopefulness
85,10,Steadfast love and faithfulness will meet; righteousness and peace will kiss each other.,0.9371,steadfast love faithfulness meet righteousness peace kiss,0,Hopefulness
85,11,"Faithfulness will spring up from the ground, and righteousness will look down from the sky.",0.4404,faithfulness spring ground righteousness look sky,0,Hopefulness
85,12,"The Lord will give what is good, and our land will yield its increase.",0.6369,lord give good land yield increase,4,Victory and Power
85,13,"Righteousness will go before him, and will make a path for his steps.",0.0,righteousness go make path steps,0,Hopefulness
86,1,"Incline your ear, O Lord, and answer me, for I am poor and needy.",-0.6705,incline ear lord answer poor needy,4,Victory and Power
86,2,"Preserve my life, for I am devoted to you; save your servant who trusts in you. You are my God;",0.8779,preserve life devoted save servant trusts god,0,Hopefulness
86,3,"be gracious to me, O Lord, for to you do I cry all day long.",0.128,gracious lord cry day long,4,Victory and Power
86,4,"Gladden the soul of your servant, for to you, O Lord, I lift up my soul.",0.0,gladden soul servant lord lift soul,4,Victory and Power
86,5,"For you, O Lord, are good and forgiving, abounding in steadfast love to all who call on you.",0.9001,lord good forgiving abounding steadfast love call,0,Hopefulness
86,6,"Give ear, O Lord, to my prayer; listen to my cry of supplication.",-0.4767,give ear lord prayer listen cry supplication,4,Victory and Power
86,7,"In the day of my trouble I call on you, for you will answer me.",-0.4019,day trouble call answer,1,Poetic Metaphors
86,8,"There is none like you among the gods, O Lord, nor are there any works like yours.",0.1002,none like among gods lord works like,4,Victory and Power
86,9,"All the nations you have made shall come and bow down before you, O Lord, and shall glorify your name.",0.5719,nations made shall come bow lord shall glorify name,4,Victory and Power
86,10,For you are great and do wondrous things; you alone are God.,0.6369,great wondrous things alone god,4,Victory and Power
86,11,"Teach me your way, O Lord, that I may walk in your truth; give me an undivided heart to revere your name.",0.7579,teach way lord may walk truth give undivided heart revere name,0,Hopefulness
86,12,"I give thanks to you, O Lord my God, with my whole heart, and I will glorify your name forever.",0.9169,give thanks lord god whole heart glorify name forever,0,Hopefulness
86,13,For great is your steadfast love toward me; you have delivered my soul from the depths of Sheol.,0.8834,great steadfast love toward delivered soul depths sheol,0,Hopefulness
86,14,"O God, the insolent rise up against me; a band of ruffians seeks my life, and they do not set you before them.",0.2732,god insolent rise band ruffians seeks life set,4,Victory and Power
86,15,"But you, O Lord, are a God merciful and gracious, slow to anger and abounding in steadfast love and faithfulness.",0.9398,lord god merciful gracious slow anger abounding steadfast love faithfulness,0,Hopefulness
86,16,Turn to me and be gracious to me; give your strength to your servant; save the child of your serving girl.,0.875,turn gracious give strength servant save child serving girl,0,Hopefulness
86,17,"Show me a sign of your favor, so that those who hate me may see it and be put to shame, because you, Lord, have helped me and comforted me.",-0.3182,show sign favor hate may see put shame lord helped comforted,3,Judgment & Righteousness
87,1,On the holy mount stands the city he founded;,0.0,holy mount stands city founded,2,Protection and Authority
87,2,the Lord loves the gates of Zion more than all the dwellings of Jacob.,0.5719,lord loves gates zion dwellings jacob,2,Protection and Authority
87,3,"Glorious things are spoken of you, O city of God.Selah",0.6369,glorious things spoken city,1,Poetic Metaphors
87,4,"Among those who know me I mention Rahab and Babylon; Philistia too, and Tyre, with Ethiopia— “This one was born there,” they say.",0.0,among know mention rahab babylon philistia tyre one born say,2,Protection and Authority
87,5,"And of Zion it shall be said, “This one and that one were born in it”; for the Most High himself will establish it.",0.0,zion shall said one one born high establish,2,Protection and Authority
87,6,"The Lord records, as he registers the peoples, “This one was born there.”Selah",0.0,lord records registers peoples one born selah,2,Protection and Authority
87,7,"Singers and dancers alike say, “All my springs are in you.”",0.0,singers dancers alike say springs,1,Poetic Metaphors
88,1,"O Lord, God of my salvation, when, at night, I cry out in your presence,",-0.25,lord god salvation night cry presence,4,Victory and Power
88,2,let my prayer come before you; incline your ear to my cry.,-0.4767,let prayer come incline ear cry,4,Victory and Power
88,3,"For my soul is full of troubles, and my life draws near to Sheol.",-0.4588,soul full troubles life draws near sheol,0,Hopefulness
88,4,"I am counted among those who go down to the Pit; I am like those who have no help,",0.0624,counted among go pit like help,1,Poetic Metaphors
88,5,"like those forsaken among the dead, like the slain that lie in the grave, like those whom you remember no more, for they are cut off from your hand.",-0.128,like forsaken among dead like slain lie grave like remember cut hand,1,Poetic Metaphors
88,6,"You have put me in the depths of the Pit, in the regions dark and deep.",0.0,put depths pit regions dark deep,1,Poetic Metaphors
88,7,"Your wrath lies heavy upon me, and you overwhelm me with all your waves.Selah",-0.5423,wrath lies heavy upon overwhelm,3,Judgment & Righteousness
88,8,You have caused my companions to shun me; you have made me a thing of horror to them. I am shut in so that I cannot escape;,-0.6391,caused companions shun made thing horror shut escape,1,Poetic Metaphors
88,9,"my eye grows dim through sorrow. Every day I call on you, O Lord; I spread out my hands to you.",-0.5267,eye grows dim sorrow every day call lord spread hands,4,Victory and Power
88,10,Do you work wonders for the dead? Do the shades rise up to praise you?Selah,-0.264,work wonders dead shades rise praise selah,0,Hopefulness
88,11,"Is your steadfast love declared in the grave, or your faithfulness in Abaddon?",0.7579,steadfast love declared grave faithfulness abaddon,0,Hopefulness
88,12,"Are your wonders known in the darkness, or your saving help in the land of forgetfulness?",0.1779,wonders known darkness saving help land forgetfulness,1,Poetic Metaphors
88,13,"But I, O Lord, cry out to you; in the morning my prayer comes before you.",-0.631,lord cry morning prayer comes,4,Victory and Power
88,14,"O Lord, why do you cast me off? Why do you hide your face from me?",-0.264,lord cast hide face,4,Victory and Power
88,15,"Wretched and close to death from my youth up, I suffer your terrors; I am desperate.",-0.9231,wretched close death youth suffer terrors desperate,3,Judgment & Righteousness
88,16,Your wrath has swept over me; your dread assaults destroy me.,-0.875,wrath swept dread assaults destroy,3,Judgment & Righteousness
88,17,They surround me like a flood all day long; from all sides they close in on me.,0.3612,surround like flood day long sides close,1,Poetic Metaphors
88,18,You have caused friend and neighbor to shun me; my companions are in darkness.,0.296,caused friend neighbor shun companions darkness,3,Judgment & Righteousness
89,1,"I will sing of your steadfast love, O Lord, forever; with my mouth I will proclaim your faithfulness to all generations.",0.8442,sing steadfast love lord forever mouth proclaim faithfulness generations,0,Hopefulness
89,2,I declare that your steadfast love is established forever; your faithfulness is as firm as the heavens.,0.8957,declare steadfast love established forever faithfulness firm heavens,0,Hopefulness
89,3,"You said, “I have made a covenant with my chosen one, I have sworn to my servant David:",0.0,said made covenant chosen one sworn servant david,2,Protection and Authority
89,4,"‘I will establish your descendants forever, and build your throne for all generations.’”Selah",0.0,establish descendants forever build throne selah,2,Protection and Authority
89,5,"Let the heavens praise your wonders, O Lord, your faithfulness in the assembly of the holy ones.",0.8481,let heavens praise wonders lord faithfulness assembly holy ones,4,Victory and Power
89,6,"For who in the skies can be compared to the Lord? Who among the heavenly beings is like the Lord,",0.7579,skies compared lord among heavenly beings like lord,4,Victory and Power
89,7,"a God feared in the council of the holy ones, great and awesome above all that are around him?",0.7964,god feared council holy ones great awesome around,4,Victory and Power
89,8,"O Lord God of hosts, who is as mighty as you, O Lord? Your faithfulness surrounds you.",0.6124,lord god hosts mighty lord faithfulness surrounds,4,Victory and Power
89,9,"You rule the raging of the sea; when its waves rise, you still them.",-0.5267,rule raging sea waves rise still,1,Poetic Metaphors
89,10,You crushed Rahab like a carcass; you scattered your enemies with your mighty arm.,-0.5423,crushed rahab like carcass scattered enemies mighty arm,1,Poetic Metaphors
89,11,"The heavens are yours, the earth also is yours; the world and all that is in it—you have founded them.",0.4019,heavens earth also world founded,2,Protection and Authority
89,12,The north and the south—you created them; Tabor and Hermon joyously praise your name.,0.8591,north created tabor hermon joyously praise name,4,Victory and Power
89,13,"You have a mighty arm; strong is your hand, high your right hand.",0.8658,mighty arm strong hand high right hand,1,Poetic Metaphors
89,14,Righteousness and justice are the foundation of your throne; steadfast love and faithfulness go before you.,0.91,righteousness justice foundation throne steadfast love faithfulness go,0,Hopefulness
89,15,"Happy are the people who know the festal shout, who walk, O Lord, in the light of your countenance;",0.5719,happy people know festal shout walk lord light countenance,4,Victory and Power
89,16,"they exult in your name all day long, and extol your righteousness.",0.0,exult name day long extol righteousness,0,Hopefulness
89,17,For you are the glory of their strength; by your favor our horn is exalted.,0.8555,glory strength favor horn exalted,1,Poetic Metaphors
89,18,"For our shield belongs to the Lord, our king to the Holy One of Israel.",0.0,shield belongs lord king holy one israel,2,Protection and Authority
89,19,"Then you spoke in a vision to your faithful one, and said: “I have set the crown on one who is mighty, I have exalted one chosen from the people.",0.5994,spoke vision faithful one said set crown one mighty exalted one chosen people,3,Judgment & Righteousness
89,20,I have found my servant David; with my holy oil I have anointed him;,0.0,found servant david holy oil anointed,2,Protection and Authority
89,21,my hand shall always remain with him; my arm also shall strengthen him.,0.6705,hand shall always remain arm also shall strengthen,0,Hopefulness
89,22,"The enemy shall not outwit him, the wicked shall not humble him.",-0.7845,enemy shall outwit wicked shall humble,3,Judgment & Righteousness
89,23,I will crush his foes before him and strike down those who hate him.,-0.8316,crush foes strike hate,3,Judgment & Righteousness
89,24,My faithfulness and steadfast love shall be with him; and in my name his horn shall be exalted.,0.8442,faithfulness steadfast love shall name horn shall exalted,0,Hopefulness
89,25,I will set his hand on the sea and his right hand on the rivers.,0.7506,set hand sea right hand rivers,1,Poetic Metaphors
89,26,"He shall cry to me, ‘You are my Father, my God, and the Rock of my salvation!’",-0.3164,shall cry father god rock salvation,4,Victory and Power
89,27,"I will make him the firstborn, the highest of the kings of the earth.",0.0,make firstborn highest kings earth,2,Protection and Authority
89,28,"Forever I will keep my steadfast love for him, and my covenant with him will stand firm.",0.7351,forever keep steadfast love covenant stand firm,0,Hopefulness
89,29,"I will establish his line forever, and his throne as long as the heavens endure.",0.4019,establish line forever throne long heavens endure,2,Protection and Authority
89,30,"If his children forsake my law and do not walk according to my ordinances,",0.0,children forsake law walk according ordinances,3,Judgment & Righteousness
89,31,"if they violate my statutes and do not keep my commandments,",-0.4939,violate statutes keep commandments,3,Judgment & Righteousness
89,32,then I will punish their transgression with the rod and their iniquity with scourges;,-0.5267,punish transgression rod iniquity scourges,3,Judgment & Righteousness
89,33,"but I will not remove from him my steadfast love, or be false to my faithfulness.",0.9209,remove steadfast love false faithfulness,0,Hopefulness
89,34,"I will not violate my covenant, or alter the word that went forth from my lips.",0.3875,violate covenant alter word went forth lips,3,Judgment & Righteousness
89,35,Once and for all I have sworn by my holiness; I will not lie to David.,0.0,sworn holiness lie david,2,Protection and Authority
89,36,"His line shall continue forever, and his throne endure before me like the sun.",0.3612,line shall continue forever throne endure like sun,0,Hopefulness
89,37,"It shall be established forever like the moon, an enduring witness in the skies.”Selah",0.3612,shall established forever like moon enduring witness selah,0,Hopefulness
89,38,But now you have spurned and rejected him; you are full of wrath against your anointed.,-0.6652,spurned rejected full wrath anointed,3,Judgment & Righteousness
89,39,You have renounced the covenant with your servant; you have defiled his crown in the dust.,0.0,renounced covenant servant defiled crown dust,3,Judgment & Righteousness
89,40,You have broken through all his walls; you have laid his strongholds in ruins.,-0.6124,broken walls laid strongholds ruins,1,Poetic Metaphors
89,41,All who pass by plunder him; he has become the scorn of his neighbors.,-0.4019,pass plunder become scorn neighbors,3,Judgment & Righteousness
89,42,You have exalted the right hand of his foes; you have made all his enemies rejoice.,-0.0258,exalted right hand foes made enemies rejoice,3,Judgment & Righteousness
89,43,"Moreover, you have turned back the edge of his sword, and you have not supported him in battle.",-0.5517,moreover turned back edge sword supported battle,1,Poetic Metaphors
89,44,"You have removed the scepter from his hand, and hurled his throne to the ground.",0.4939,removed scepter hand hurled throne ground,1,Poetic Metaphors
89,45,You have cut short the days of his youth; you have covered him with shame.Selah,-0.2732,cut short days youth covered,1,Poetic Metaphors
89,46,"How long, O Lord? Will you hide yourself forever? How long will your wrath burn like fire?",-0.2824,long lord hide forever long wrath burn like fire,4,Victory and Power
89,47,Remember how short my time is— for what vanity you have created all mortals!,0.1007,remember short time vanity created mortals,3,Judgment & Righteousness
89,48,Who can live and never see death? Who can escape the power of Sheol?Selah,0.6377,live never see death escape power sheol selah,0,Hopefulness
89,49,"Lord, where is your steadfast love of old, which by your faithfulness you swore to David?",0.8442,lord steadfast love old faithfulness swore david,0,Hopefulness
89,50,"Remember, O Lord, how your servant is taunted; how I bear in my bosom the insults of the peoples,",-0.4215,remember lord servant taunted bear bosom insults peoples,4,Victory and Power
89,51,"with which your enemies taunt, O Lord, with which they taunted the footsteps of your anointed.",-0.4939,enemies taunt lord taunted footsteps anointed,1,Poetic Metaphors
89,52,Blessed be the Lord forever. Amen and Amen.,0.5994,blessed lord forever amen amen,4,Victory and Power
90,1,"Lord, you have been our dwelling place in all generations.",0.0258,lord dwelling place generations,4,Victory and Power
90,2,"Before the mountains were brought forth, or ever you had formed the earth and the world, from everlasting to everlasting you are God.",0.2732,mountains brought forth ever formed earth world everlasting everlasting god,2,Protection and Authority
90,3,"You turn us back to dust, and say, “Turn back, you mortals.”",0.0,turn us back dust say turn back mortals,4,Victory and Power
90,4,"For a thousand years in your sight are like yesterday when it is past, or like a watch in the night.",0.6124,thousand years sight like yesterday past like watch night,1,Poetic Metaphors
90,5,"You sweep them away; they are like a dream, like grass that is renewed in the morning;",0.7184,sweep away like dream like grass renewed morning,1,Poetic Metaphors
90,6,in the morning it flourishes and is renewed; in the evening it fades and withers.,0.0,morning flourishes renewed evening fades withers,1,Poetic Metaphors
90,7,For we are consumed by your anger; by your wrath we are overwhelmed.,-0.5423,consumed anger wrath overwhelmed,3,Judgment & Righteousness
90,8,"You have set our iniquities before you, our secret sins in the light of your countenance.",-0.4588,set iniquities secret sins light countenance,3,Judgment & Righteousness
90,9,For all our days pass away under your wrath; our years come to an end like a sigh.,0.3818,days pass away wrath years come end like sigh,3,Judgment & Righteousness
90,10,"The days of our life are seventy years, or perhaps eighty, if we are strong; even then their span is only toil and trouble; they are soon gone, and we fly away.",0.1531,days life seventy years perhaps eighty strong even span toil trouble soon gone fly away,1,Poetic Metaphors
90,11,Who considers the power of your anger? Your wrath is as great as the fear that is due you.,-0.4215,considers power anger wrath great fear due,3,Judgment & Righteousness
90,12,So teach us to count our days that we may gain a wise heart.,0.8934,teach us count days may gain wise heart,0,Hopefulness
90,13,"Turn, O Lord! How long? Have compassion on your servants!",0.555,turn lord long compassion servants,4,Victory and Power
90,14,"Satisfy us in the morning with your steadfast love, so that we may rejoice and be glad all our days.",0.9337,satisfy us morning steadfast love may rejoice glad days,0,Hopefulness
90,15,"Make us glad as many days as you have afflicted us, and as many years as we have seen evil.",-0.5994,make us glad many days afflicted us many years seen evil,3,Judgment & Righteousness
90,16,"Let your work be manifest to your servants, and your glorious power to their children.",0.6369,let work manifest servants glorious power children,3,Judgment & Righteousness
90,17,"Let the favor of the Lord our God be upon us, and prosper for us the work of our hands— O prosper the work of our hands!",0.6239,let favor lord god upon us prosper us work prosper work hands,4,Victory and Power
91,1,"You who live in the shelter of the Most High, who abide in the shadow of the Almighty,",0.0,live shelter high abide shadow almighty,4,Victory and Power
91,2,"will say to the Lord, “My refuge and my fortress; my God, in whom I trust.”",0.2732,say lord refuge fortress god trust,4,Victory and Power
91,3,For he will deliver you from the snare of the fowler and from the deadly pestilence;,0.0,deliver snare fowler deadly pestilence,1,Poetic Metaphors
91,4,"he will cover you with his pinions, and under his wings you will find refuge; his faithfulness is a shield and buckler.",0.4404,cover pinions wings find refuge faithfulness shield buckler,1,Poetic Metaphors
91,5,"You will not fear the terror of the night, or the arrow that flies by day,",0.6602,fear terror night arrow flies day,1,Poetic Metaphors
91,6,"or the pestilence that stalks in darkness, or the destruction that wastes at noonday.",-0.6908,pestilence stalks darkness destruction wastes noonday,1,Poetic Metaphors
91,7,"A thousand may fall at your side, ten thousand at your right hand, but it will not come near you.",0.2732,thousand may fall side ten thousand right hand come near,1,Poetic Metaphors
91,8,You will only look with your eyes and see the punishment of the wicked.,-0.765,look eyes see punishment wicked,3,Judgment & Righteousness
91,9,"Because you have made the Lord your refuge, the Most High your dwelling place,",0.0935,made lord refuge high dwelling place,4,Victory and Power
91,10,"no evil shall befall you, no scourge come near your tent.",0.3217,evil shall befall scourge come near tent,1,Poetic Metaphors
91,11,For he will command his angels concerning you to guard you in all your ways.,0.0,command angels concerning guard ways,3,Judgment & Righteousness
91,12,"On their hands they will bear you up, so that you will not dash your foot against a stone.",0.0,hands bear dash foot stone,1,Poetic Metaphors
91,13,"You will tread on the lion and the adder, the young lion and the serpent you will trample under foot.",0.0,tread lion adder young lion serpent trample foot,1,Poetic Metaphors
91,14,"Those who love me, I will deliver; I will protect those who know my name.",0.7783,love deliver protect know name,0,Hopefulness
91,15,"When they call to me, I will answer them; I will be with them in trouble, I will rescue them and honor them.",0.5859,call answer trouble rescue honor,1,Poetic Metaphors
91,16,"With long life I will satisfy them, and show them my salvation.",0.4588,long life satisfy show salvation,0,Hopefulness
92,1,"It is good to give thanks to the Lord, to sing praises to your name, O Most High;",0.8481,good give thanks lord sing praises name high,4,Victory and Power
92,2,"to declare your steadfast love in the morning, and your faithfulness by night,",0.8442,declare steadfast love morning faithfulness night,0,Hopefulness
92,3,"to the music of the lute and the harp, to the melody of the lyre.",0.0,music lute harp melody lyre,1,Poetic Metaphors
92,4,"For you, O Lord, have made me glad by your work; at the works of your hands I sing for joy.",0.7783,lord made glad work works hands sing joy,4,Victory and Power
92,5,"How great are your works, O Lord! Your thoughts are very deep!",0.6892,great works lord thoughts deep,4,Victory and Power
92,6,"The dullard cannot know, the stupid cannot understand this:",0.0454,dullard know stupid understand,3,Judgment & Righteousness
92,7,"though the wicked sprout like grass and all evildoers flourish, they are doomed to destruction forever,",-0.9217,though wicked sprout like grass evildoers flourish doomed destruction forever,3,Judgment & Righteousness
92,8,"but you, O Lord, are on high forever.",0.0,lord high forever,4,Victory and Power
92,9,"For your enemies, O Lord, for your enemies shall perish; all evildoers shall be scattered.",-0.8689,enemies lord enemies shall perish evildoers shall scattered,3,Judgment & Righteousness
92,10,But you have exalted my horn like that of the wild ox; you have poured over me fresh oil.,0.7351,exalted horn like wild ox poured fresh oil,1,Poetic Metaphors
92,11,My eyes have seen the downfall of my enemies; my ears have heard the doom of my evil assailants.,-0.8834,eyes seen downfall enemies ears heard doom evil assailants,3,Judgment & Righteousness
92,12,"The righteous flourish like the palm tree, and grow like a cedar in Lebanon.",0.6124,righteous flourish like palm tree grow like cedar lebanon,1,Poetic Metaphors
92,13,They are planted in the house of the Lord; they flourish in the courts of our God.,0.2732,planted house lord flourish courts god,4,Victory and Power
92,14,"In old age they still produce fruit; they are always green and full of sap,",0.0,old age still produce fruit always green full sap,1,Poetic Metaphors
92,15,"showing that the Lord is upright; he is my rock, and there is no unrighteousness in him.",-0.296,showing lord upright rock unrighteousness,4,Victory and Power
93,1,"The Lord is king, he is robed in majesty; the Lord is robed, he is girded with strength. He has established the world; it shall never be moved;",0.2023,lord king robed majesty lord robed girded strength established world shall never moved,4,Victory and Power
93,2,your throne is established from of old; you are from everlasting.,0.0,throne established old everlasting,2,Protection and Authority
93,3,"The floods have lifted up, O Lord, the floods have lifted up their voice; the floods lift up their roaring.",0.0,floods lifted lord floods lifted voice floods lift roaring,4,Victory and Power
93,4,"More majestic than the thunders of mighty waters, more majestic than the waves of the sea, majestic on high is the Lord!",0.0,majestic thunders mighty waters majestic waves sea majestic high lord,1,Poetic Metaphors
93,5,"Your decrees are very sure; holiness befits your house, O Lord, forevermore.",0.3804,decrees sure holiness befits house lord forevermore,4,Victory and Power
94,1,"O Lord, you God of vengeance, you God of vengeance, shine forth!",0.5411,lord god vengeance god vengeance shine forth,4,Victory and Power
94,2,"Rise up, O judge of the earth; give to the proud what they deserve!",0.5255,rise judge earth give proud deserve,4,Victory and Power
94,3,"O Lord, how long shall the wicked, how long shall the wicked exult?",-0.7783,lord long shall wicked long shall wicked exult,4,Victory and Power
94,4,They pour out their arrogant words; all the evildoers boast.,-0.765,pour arrogant words evildoers boast,3,Judgment & Righteousness
94,5,"They crush your people, O Lord, and afflict your heritage.",-0.1531,crush people lord afflict heritage,2,Protection and Authority
94,6,"They kill the widow and the stranger, they murder the orphan,",-0.886,kill widow stranger murder orphan,3,Judgment & Righteousness
94,7,"and they say, “The Lord does not see; the God of Jacob does not perceive.”",-0.2057,say lord see god jacob perceive,4,Victory and Power
94,8,"Understand, O dullest of the people; fools, when will you be wise?",-0.4215,understand dullest people fools wise,3,Judgment & Righteousness
94,9,"He who planted the ear, does he not hear? He who formed the eye, does he not see?",0.0,planted ear hear formed eye see,1,Poetic Metaphors
94,10,"He who disciplines the nations, he who teaches knowledge to humankind, does he not chastise?",0.431,disciplines nations teaches knowledge humankind chastise,3,Judgment & Righteousness
94,11,"The Lord knows our thoughts, that they are but an empty breath.",-0.296,lord knows thoughts empty breath,4,Victory and Power
94,12,"Happy are those whom you discipline, O Lord, and whom you teach out of your law,",0.5719,happy discipline lord teach law,3,Judgment & Righteousness
94,13,"giving them respite from days of trouble, until a pit is dug for the wicked.",-0.5719,giving respite days trouble pit dug wicked,1,Poetic Metaphors
94,14,For the Lord will not forsake his people; he will not abandon his heritage;,0.3412,lord forsake people abandon heritage,2,Protection and Authority
94,15,"for justice will return to the righteous, and all the upright in heart will follow it.",0.8225,justice return righteous upright heart follow,0,Hopefulness
94,16,Who rises up for me against the wicked? Who stands up for me against evildoers?,-0.7998,rises wicked stands evildoers,3,Judgment & Righteousness
94,17,"If the Lord had not been my help, my soul would soon have lived in the land of silence.",-0.3089,lord help soul would soon lived land silence,4,Victory and Power
94,18,"When I thought, “My foot is slipping,” your steadfast love, O Lord, held me up.",0.7351,thought foot slipping steadfast love lord held,4,Victory and Power
94,19,"When the cares of my heart are many, your consolations cheer my soul.",0.8885,cares heart many consolations cheer soul,0,Hopefulness
94,20,"Can wicked rulers be allied with you, those who contrive mischief by statute?",-0.7096,wicked rulers allied contrive mischief statute,3,Judgment & Righteousness
94,21,"They band together against the life of the righteous, and condemn the innocent to death.",-0.6249,band together life righteous condemn innocent death,0,Hopefulness
94,22,"But the Lord has become my stronghold, and my God the rock of my refuge.",0.5267,lord become stronghold god rock refuge,4,Victory and Power
94,23,He will repay them for their iniquity and wipe them out for their wickedness; the Lord our God will wipe them out.,-0.25,repay iniquity wipe wickedness lord god wipe,3,Judgment & Righteousness
95,1,"O come, let us sing to the Lord; let us make a joyful noise to the rock of our salvation!",0.636,come let us sing lord let us make joyful noise rock salvation,4,Victory and Power
95,2,Let us come into his presence with thanksgiving; let us make a joyful noise to him with songs of praise!,0.8313,let us come presence thanksgiving let us make joyful noise songs praise,4,Victory and Power
95,3,"For the Lord is a great God, and a great King above all gods.",0.8834,lord great god great king gods,4,Victory and Power
95,4,In his hand are the depths of the earth; the heights of the mountains are his also.,0.4939,hand depths earth heights mountains also,1,Poetic Metaphors
95,5,"The sea is his, for he made it, and the dry land, which his hands have formed.",0.0,sea made dry land hands formed,1,Poetic Metaphors
95,6,"O come, let us worship and bow down, let us kneel before the Lord, our Maker!",0.3595,come let us worship bow let us kneel lord maker,4,Victory and Power
95,7,"For he is our God, and we are the people of his pasture, and the sheep of his hand. O that today you would listen to his voice!",0.68,god people pasture sheep hand today would listen voice,1,Poetic Metaphors
95,8,"Do not harden your hearts, as at Meribah, as on the day at Massah in the wilderness,",-0.5334,harden hearts meribah day massah wilderness,0,Hopefulness
95,9,"when your ancestors tested me, and put me to the proof, though they had seen my work.",0.0,ancestors tested put proof though seen work,1,Poetic Metaphors
95,10,"For forty years I loathed that generation and said, “They are a people whose hearts go astray, and they do not regard my ways.”",0.296,forty years loathed generation said people whose hearts go astray regard ways,3,Judgment & Righteousness
95,11,"Therefore in my anger I swore, “They shall not enter my rest.”",-0.5719,therefore anger swore shall enter rest,3,Judgment & Righteousness
96,1,"O sing to the Lord a new song; sing to the Lord, all the earth.",0.0,sing lord new song sing lord earth,4,Victory and Power
96,2,"Sing to the Lord, bless his name; tell of his salvation from day to day.",0.4215,sing lord bless name tell salvation day day,4,Victory and Power
96,3,"Declare his glory among the nations, his marvelous works among all the peoples.",0.8126,declare glory among nations marvelous works among peoples,2,Protection and Authority
96,4,"For great is the Lord, and greatly to be praised; he is to be revered above all gods.",0.8971,great lord greatly praised revered gods,4,Victory and Power
96,5,"For all the gods of the peoples are idols, but the Lord made the heavens.",0.5499,gods peoples idols lord made heavens,4,Victory and Power
96,6,Honor and majesty are before him; strength and beauty are in his sanctuary.,0.8807,honor majesty strength beauty sanctuary,0,Hopefulness
96,7,"Ascribe to the Lord, O families of the peoples, ascribe to the Lord glory and strength.",0.7717,ascribe lord families peoples ascribe lord glory strength,4,Victory and Power
96,8,"Ascribe to the Lord the glory due his name; bring an offering, and come into his courts.",0.5423,ascribe lord glory due name bring offering come courts,4,Victory and Power
96,9,"Worship the Lord in holy splendor; tremble before him, all the earth.",0.6249,worship lord holy splendor tremble earth,4,Victory and Power
96,10,"Say among the nations, “The Lord is king! The world is firmly established; it shall never be moved. He will judge the peoples with equity.”",0.0,say among nations lord king world firmly established shall never moved judge peoples equity,2,Protection and Authority
96,11,"Let the heavens be glad, and let the earth rejoice; let the sea roar, and all that fills it;",0.8225,let heavens glad let earth rejoice let sea roar fills,1,Poetic Metaphors
96,12,"let the field exult, and everything in it. Then shall all the trees of the forest sing for joy",0.5859,let field exult everything shall trees forest sing joy,1,Poetic Metaphors
96,13,"before the Lord; for he is coming, for he is coming to judge the earth. He will judge the world with righteousness, and the peoples with his truth.",0.3182,lord coming coming judge earth judge world righteousness peoples truth,4,Victory and Power
97,1,The Lord is king! Let the earth rejoice; let the many coastlands be glad!,0.7568,lord king let earth rejoice let many coastlands glad,4,Victory and Power
97,2,Clouds and thick darkness are all around him; righteousness and justice are the foundation of his throne.,0.34,clouds thick darkness around righteousness justice foundation throne,4,Victory and Power
97,3,"Fire goes before him, and consumes his adversaries on every side.",-0.5267,fire goes consumes adversaries every side,3,Judgment & Righteousness
97,4,His lightnings light up the world; the earth sees and trembles.,-0.0258,lightnings light world earth sees trembles,1,Poetic Metaphors
97,5,"The mountains melt like wax before the Lord, before the Lord of all the earth.",0.3612,mountains melt like wax lord lord earth,1,Poetic Metaphors
97,6,The heavens proclaim his righteousness; and all the peoples behold his glory.,0.7351,heavens proclaim righteousness peoples behold glory,4,Victory and Power
97,7,"All worshipers of images are put to shame, those who make their boast in worthless idols; all gods bow down before him.",-0.6249,worshipers images put shame make boast worthless idols gods bow,3,Judgment & Righteousness
97,8,"Zion hears and is glad, and the towns of Judah rejoice, because of your judgments, O God.",0.7906,zion hears glad towns judah rejoice judgments god,2,Protection and Authority
97,9,"For you, O Lord, are most high over all the earth; you are exalted far above all gods.",0.0,lord high earth exalted far gods,4,Victory and Power
97,10,The Lord loves those who hate evil; he guards the lives of his faithful; he rescues them from the hand of the wicked.,-0.1027,lord loves hate evil guards lives faithful rescues hand wicked,3,Judgment & Righteousness
97,11,"Light dawns for the righteous, and joy for the upright in heart.",0.8402,light dawns righteous joy upright heart,0,Hopefulness
97,12,"Rejoice in the Lord, O you righteous, and give thanks to his holy name!",0.7263,rejoice lord righteous give thanks holy name,4,Victory and Power
98,1,"O sing to the Lord a new song, for he has done marvelous things. His right hand and his holy arm have gotten him victory.",0.7964,sing lord new song done marvelous things right hand holy arm gotten victory,4,Victory and Power
98,2,The Lord has made known his victory; he has revealed his vindication in the sight of the nations.,0.0,lord made known victory revealed vindication sight nations,2,Protection and Authority
98,3,He has remembered his steadfast love and faithfulness to the house of Israel. All the ends of the earth have seen the victory of our God.,0.8807,remembered steadfast love faithfulness house israel ends earth seen victory god,2,Protection and Authority
98,4,"Make a joyful noise to the Lord, all the earth; break forth into joyous song and sing praises.",0.9081,make joyful noise lord earth break forth joyous song sing praises,4,Victory and Power
98,5,"Sing praises to the Lord with the lyre, with the lyre and the sound of melody.",0.5267,sing praises lord lyre lyre sound melody,4,Victory and Power
98,6,"With trumpets and the sound of the horn make a joyful noise before the King, the Lord.",0.5994,trumpets sound horn make joyful noise king lord,4,Victory and Power
98,7,"Let the sea roar, and all that fills it; the world and those who live in it.",0.0,let sea roar fills world live,1,Poetic Metaphors
98,8,Let the floods clap their hands; let the hills sing together for joy,0.5859,let floods clap hands let hills sing together joy,1,Poetic Metaphors
98,9,"at the presence of the Lord, for he is coming to judge the earth. He will judge the world with righteousness, and the peoples with equity.",0.0,presence lord coming judge earth judge world righteousness peoples equity,4,Victory and Power
99,1,The Lord is king; let the peoples tremble! He sits enthroned upon the cherubim; let the earth quake!,-0.3987,lord king let peoples tremble sits enthroned upon cherubim let earth quake,4,Victory and Power
99,2,The Lord is great in Zion; he is exalted over all the peoples.,0.6249,lord great zion exalted peoples,2,Protection and Authority
99,3,Let them praise your great and awesome name. Holy is he!,0.92,let praise great awesome name holy,4,Victory and Power
99,4,"Mighty King, lover of justice, you have established equity; you have executed justice and righteousness in Jacob.",0.891,mighty king lover justice established equity executed justice righteousness jacob,2,Protection and Authority
99,5,Extol the Lord our God; worship at his footstool. Holy is he!,0.5562,extol lord god worship footstool holy,4,Victory and Power
99,6,"Moses and Aaron were among his priests, Samuel also was among those who called on his name. They cried to the Lord, and he answered them.",-0.3818,moses aaron among priests samuel also among called name cried lord answered,2,Protection and Authority
99,7,"He spoke to them in the pillar of cloud; they kept his decrees, and the statutes that he gave them.",0.0,spoke pillar cloud kept decrees statutes gave,2,Protection and Authority
99,8,"O Lord our God, you answered them; you were a forgiving God to them, but an avenger of their wrongdoings.",0.4678,lord god answered forgiving god avenger wrongdoings,4,Victory and Power
99,9,"Extol the Lord our God, and worship at his holy mountain; for the Lord our God is holy.",0.6597,extol lord god worship holy mountain lord god holy,4,Victory and Power
100,1,"Make a joyful noise to the Lord, all the earth.",0.5994,make joyful noise lord earth,4,Victory and Power
100,2,Worship the Lord with gladness; come into his presence with singing.,0.296,worship lord gladness come presence singing,4,Victory and Power
100,3,"Know that the Lord is God. It is he that made us, and we are his; we are his people, and the sheep of his pasture.",0.2732,know lord god made us people sheep pasture,4,Victory and Power
100,4,"Enter his gates with thanksgiving, and his courts with praise. Give thanks to him, bless his name.",0.8519,enter gates thanksgiving courts praise give thanks bless name,4,Victory and Power
100,5,"For the Lord is good; his steadfast love endures forever, and his faithfulness to all generations.",0.9001,lord good steadfast love endures forever faithfulness generations,0,Hopefulness
101,1,"I will sing of loyalty and of justice; to you, O Lord, I will sing.",0.7845,sing loyalty justice lord sing,4,Victory and Power
101,2,I will study the way that is blameless. When shall I attain it? I will walk with integrity of heart within my house;,0.8176,study way blameless shall attain walk integrity heart within house,0,Hopefulness
101,3,I will not set before my eyes anything that is base. I hate the work of those who fall away; it shall not cling to me.,-0.5719,set eyes anything base hate work fall away shall cling,3,Judgment & Righteousness
101,4,Perverseness of heart shall be far from me; I will know nothing of evil.,0.6824,perverseness heart shall far know nothing evil,3,Judgment & Righteousness
101,5,One who secretly slanders a neighbor I will destroy. A haughty look and an arrogant heart I will not tolerate.,-0.3612,one secretly slanders neighbor destroy haughty look arrogant heart tolerate,3,Judgment & Righteousness
101,6,"I will look with favor on the faithful in the land, so that they may live with me; whoever walks in the way that is blameless shall minister to me.",0.743,look favor faithful land may live whoever walks way blameless shall minister,4,Victory and Power
101,7,No one who practices deceit shall remain in my house; no one who utters lies shall continue in my presence.,-0.8481,one practices deceit shall remain house one utters lies shall continue presence,3,Judgment & Righteousness
101,8,"Morning by morning I will destroy all the wicked in the land, cutting off all evildoers from the city of the Lord.",-0.8957,morning morning destroy wicked land cutting evildoers city lord,3,Judgment & Righteousness
102,1,"Hear my prayer, O Lord; let my cry come to you.",-0.4767,hear prayer lord let cry come,4,Victory and Power
102,2,Do not hide your face from me in the day of my distress. Incline your ear to me; answer me speedily in the day when I call.,-0.4371,hide face day distress incline ear answer speedily day call,1,Poetic Metaphors
102,3,"For my days pass away like smoke, and my bones burn like a furnace.",0.6124,days pass away like smoke bones burn like furnace,1,Poetic Metaphors
102,4,My heart is stricken and withered like grass; I am too wasted to eat my bread.,0.0516,heart stricken withered like grass wasted eat bread,1,Poetic Metaphors
102,5,Because of my loud groaning my bones cling to my skin.,0.0,loud groaning bones cling skin,1,Poetic Metaphors
102,6,"I am like an owl of the wilderness, like a little owl of the waste places.",0.296,like owl wilderness like little owl waste places,1,Poetic Metaphors
102,7,I lie awake; I am like a lonely bird on the housetop.,0.0,lie awake like lonely bird housetop,1,Poetic Metaphors
102,8,All day long my enemies taunt me; those who deride me use my name for a curse.,-0.8316,day long enemies taunt deride use name curse,3,Judgment & Righteousness
102,9,"For I eat ashes like bread, and mingle tears with my drink,",0.1531,eat ashes like bread mingle tears drink,1,Poetic Metaphors
102,10,because of your indignation and anger; for you have lifted me up and thrown me aside.,-0.7964,indignation anger lifted thrown aside,3,Judgment & Righteousness
102,11,My days are like an evening shadow; I wither away like grass.,0.6124,days like evening shadow wither away like grass,1,Poetic Metaphors
102,12,"But you, O Lord, are enthroned forever; your name endures to all generations.",0.0,lord enthroned forever name endures generations,4,Victory and Power
102,13,"You will rise up and have compassion on Zion, for it is time to favor it; the appointed time has come.",0.6908,rise compassion zion time favor appointed time come,2,Protection and Authority
102,14,"For your servants hold its stones dear, and have pity on its dust.",0.1027,servants hold stones dear pity dust,3,Judgment & Righteousness
102,15,"The nations will fear the name of the Lord, and all the kings of the earth your glory.",0.0772,nations fear name lord kings earth glory,2,Protection and Authority
102,16,For the Lord will build up Zion; he will appear in his glory.,0.5423,lord build zion appear glory,2,Protection and Authority
102,17,"He will regard the prayer of the destitute, and will not despise their prayer.",0.2584,regard prayer destitute despise prayer,3,Judgment & Righteousness
102,18,"Let this be recorded for a generation to come, so that a people yet unborn may praise the Lord:",0.5574,let recorded generation come people yet unborn may praise lord,4,Victory and Power
102,19,"that he looked down from his holy height, from heaven the Lord looked at the earth,",0.5106,looked holy height heaven lord looked earth,4,Victory and Power
102,20,"to hear the groans of the prisoners, to set free those who were doomed to die;",-0.8442,hear groans prisoners set free doomed die,1,Poetic Metaphors
102,21,"so that the name of the Lord may be declared in Zion, and his praise in Jerusalem,",0.5574,name lord may declared zion praise jerusalem,2,Protection and Authority
102,22,"when peoples gather together, and kingdoms, to worship the Lord.",0.296,peoples gather together kingdoms worship lord,2,Protection and Authority
102,23,He has broken my strength in midcourse; he has shortened my days.,0.0258,broken strength midcourse shortened days,1,Poetic Metaphors
102,24,"“O my God,” I say, “do not take me away at the midpoint of my life, you whose years endure throughout all generations.”",0.0,god say take away midpoint life whose years endure throughout generations,0,Hopefulness
102,25,"Long ago you laid the foundation of the earth, and the heavens are the work of your hands.",0.4019,long ago laid foundation earth heavens work hands,1,Poetic Metaphors
102,26,"They will perish, but you endure; they will all wear out like a garment. You change them like clothing, and they pass away;",0.7579,perish endure wear like garment change like clothing pass away,1,Poetic Metaphors
102,27,"but you are the same, and your years have no end.",-0.4215,years end,1,Poetic Metaphors
102,28,The children of your servants shall live secure; their offspring shall be established in your presence.,0.34,children servants shall live secure offspring shall established presence,3,Judgment & Righteousness
103,1,"Bless the Lord, O my soul, and all that is within me, bless his holy name.",0.6808,bless lord soul within bless holy name,4,Victory and Power
103,2,"Bless the Lord, O my soul, and do not forget all his benefits—",0.5371,bless lord soul forget,4,Victory and Power
103,3,"who forgives all your iniquity, who heals all your diseases,",0.4019,forgives iniquity heals diseases,3,Judgment & Righteousness
103,4,"who redeems your life from the Pit, who crowns you with steadfast love and mercy,",0.8271,redeems life pit crowns steadfast love mercy,0,Hopefulness
103,5,who satisfies you with good as long as you live so that your youth is renewed like the eagle’s.,0.802,satisfies good long live youth renewed like eagle,1,Poetic Metaphors
103,6,The Lord works vindication and justice for all who are oppressed.,0.0772,lord works vindication justice oppressed,4,Victory and Power
103,7,"He made known his ways to Moses, his acts to the people of Israel.",0.0,made known ways moses acts people israel,2,Protection and Authority
103,8,"The Lord is merciful and gracious, slow to anger and abounding in steadfast love.",0.7269,lord merciful gracious slow anger abounding steadfast love,0,Hopefulness
103,9,"He will not always accuse, nor will he keep his anger forever.",-0.4781,always accuse keep anger forever,3,Judgment & Righteousness
103,10,"He does not deal with us according to our sins, nor repay us according to our iniquities.",-0.4588,deal us according sins repay us according iniquities,3,Judgment & Righteousness
103,11,"For as the heavens are high above the earth, so great is his steadfast love toward those who fear him;",0.8988,heavens high earth great steadfast love toward fear,0,Hopefulness
103,12,"as far as the east is from the west, so far he removes our transgressions from us.",0.0,far east west far removes transgressions us,1,Poetic Metaphors
103,13,"As a father has compassion for his children, so the Lord has compassion for those who fear him.",0.4215,father compassion children lord compassion fear,3,Judgment & Righteousness
103,14,For he knows how we were made; he remembers that we are dust.,0.0,knows made remembers dust,1,Poetic Metaphors
103,15,"As for mortals, their days are like grass; they flourish like a flower of the field;",0.6124,mortals days like grass flourish like flower field,1,Poetic Metaphors
103,16,"for the wind passes over it, and it is gone, and its place knows it no more.",-0.296,wind passes gone place knows,1,Poetic Metaphors
103,17,"But the steadfast love of the Lord is from everlasting to everlasting on those who fear him, and his righteousness to children’s children,",0.6124,steadfast love lord everlasting everlasting fear righteousness children children,0,Hopefulness
103,18,to those who keep his covenant and remember to do his commandments.,0.0,keep covenant remember commandments,2,Protection and Authority
103,19,"The Lord has established his throne in the heavens, and his kingdom rules over all.",0.4019,lord established throne heavens kingdom rules,4,Victory and Power
103,20,"Bless the Lord, O you his angels, you mighty ones who do his bidding, obedient to his spoken word.",0.4215,bless lord angels mighty ones bidding obedient spoken word,4,Victory and Power
103,21,"Bless the Lord, all his hosts, his ministers that do his will.",0.4215,bless lord hosts ministers,4,Victory and Power
103,22,"Bless the Lord, all his works, in all places of his dominion. Bless the Lord, O my soul.",0.6808,bless lord works places dominion bless lord soul,4,Victory and Power
104,1,"Bless the Lord, O my soul. O Lord my God, you are very great. You are clothed with honor and majesty,",0.9099,bless lord soul lord god great clothed honor majesty,4,Victory and Power
104,2,"wrapped in light as with a garment. You stretch out the heavens like a tent,",0.6369,wrapped light garment stretch heavens like tent,1,Poetic Metaphors
104,3,"you set the beams of your chambers on the waters, you make the clouds your chariot, you ride on the wings of the wind,",0.0,set beams chambers waters make clouds chariot ride wings wind,1,Poetic Metaphors
104,4,"you make the winds your messengers, fire and flame your ministers.",-0.34,make winds messengers fire flame ministers,1,Poetic Metaphors
104,5,"You set the earth on its foundations, so that it shall never be shaken.",0.0572,set earth foundations shall never shaken,1,Poetic Metaphors
104,6,You cover it with the deep as with a garment; the waters stood above the mountains.,0.0,cover deep garment waters stood mountains,1,Poetic Metaphors
104,7,At your rebuke they flee; at the sound of your thunder they take to flight.,0.0,rebuke flee sound thunder take flight,1,Poetic Metaphors
104,8,"They rose up to the mountains, ran down to the valleys to the place that you appointed for them.",0.0,rose mountains ran valleys place appointed,1,Poetic Metaphors
104,9,"You set a boundary that they may not pass, so that they might not again cover the earth.",0.0,set boundary may pass might cover earth,1,Poetic Metaphors
104,10,"You make springs gush forth in the valleys; they flow between the hills,",0.0,make springs gush forth valleys flow hills,1,Poetic Metaphors
104,11,giving drink to every wild animal; the wild asses quench their thirst.,0.34,giving drink every wild animal wild asses quench thirst,1,Poetic Metaphors
104,12,By the streams the birds of the air have their habitation; they sing among the branches.,0.0,streams birds air habitation sing among branches,1,Poetic Metaphors
104,13,From your lofty abode you water the mountains; the earth is satisfied with the fruit of your work.,0.4215,lofty abode water mountains earth satisfied fruit work,1,Poetic Metaphors
104,14,"You cause the grass to grow for the cattle, and plants for people to use, to bring forth food from the earth,",0.0,cause grass grow cattle plants people use bring forth food earth,1,Poetic Metaphors
104,15,"and wine to gladden the human heart, oil to make the face shine, and bread to strengthen the human heart.",0.8934,wine gladden human heart oil make face shine bread strengthen human heart,0,Hopefulness
104,16,"The trees of the Lord are watered abundantly, the cedars of Lebanon that he planted.",0.0,trees lord watered abundantly cedars lebanon planted,2,Protection and Authority
104,17,In them the birds build their nests; the stork has its home in the fir trees.,0.0,birds build nests stork home fir trees,1,Poetic Metaphors
104,18,The high mountains are for the wild goats; the rocks are a refuge for the coneys.,0.0,high mountains wild goats rocks refuge coneys,1,Poetic Metaphors
104,19,You have made the moon to mark the seasons; the sun knows its time for setting.,0.0,made moon mark seasons sun knows time setting,1,Poetic Metaphors
104,20,"You make darkness, and it is night, when all the animals of the forest come creeping out.",-0.25,make darkness night animals forest come creeping,1,Poetic Metaphors
104,21,"The young lions roar for their prey, seeking their food from God.",0.2732,young lions roar prey seeking food god,1,Poetic Metaphors
104,22,"When the sun rises, they withdraw and lie down in their dens.",0.0,sun rises withdraw lie dens,1,Poetic Metaphors
104,23,People go out to their work and to their labor until the evening.,0.0,people go work labor evening,1,Poetic Metaphors
104,24,"O Lord, how manifold are your works! In wisdom you have made them all; the earth is full of your creatures.",0.5707,lord manifold works wisdom made earth full creatures,4,Victory and Power
104,25,"Yonder is the sea, great and wide, creeping things innumerable are there, living things both small and great.",0.8481,yonder sea great wide creeping things innumerable living things small great,1,Poetic Metaphors
104,26,"There go the ships, and Leviathan that you formed to sport in it.",0.0,go ships leviathan formed sport,1,Poetic Metaphors
104,27,These all look to you to give them their food in due season;,0.0,look give food due season,1,Poetic Metaphors
104,28,"when you give to them, they gather it up; when you open your hand, they are filled with good things.",0.7269,give gather open hand filled good things,1,Poetic Metaphors
104,29,"When you hide your face, they are dismayed; when you take away their breath, they die and return to their dust.",-0.8176,hide face dismayed take away breath die return dust,1,Poetic Metaphors
104,30,"When you send forth your spirit, they are created; and you renew the face of the ground.",0.4019,send forth spirit created renew face ground,1,Poetic Metaphors
104,31,May the glory of the Lord endure forever; may the Lord rejoice in his works—,0.7506,may glory lord endure forever may lord rejoice,0,Hopefulness
104,32,"who looks on the earth and it trembles, who touches the mountains and they smoke.",-0.0258,looks earth trembles touches mountains smoke,1,Poetic Metaphors
104,33,I will sing to the Lord as long as I live; I will sing praise to my God while I have being.,0.6908,sing lord long live sing praise god,4,Victory and Power
104,34,"May my meditation be pleasing to him, for I rejoice in the Lord.",0.743,may meditation pleasing rejoice lord,0,Hopefulness
104,35,"Let sinners be consumed from the earth, and let the wicked be no more. Bless the Lord, O my soul. Praise the Lord!",-0.6016,let sinners consumed earth let wicked bless lord soul praise lord,4,Victory and Power
105,1,"O give thanks to the Lord, call on his name, make known his deeds among the peoples.",0.4404,give thanks lord call name make known deeds among peoples,4,Victory and Power
105,2,"Sing to him, sing praises to him; tell of all his wonderful works.",0.7964,sing sing praises tell wonderful works,0,Hopefulness
105,3,Glory in his holy name; let the hearts of those who seek the Lord rejoice.,0.8934,glory holy name let hearts seek lord rejoice,0,Hopefulness
105,4,Seek the Lord and his strength; seek his presence continually.,0.4939,seek lord strength seek presence continually,0,Hopefulness
105,5,"Remember the wonderful works he has done, his miracles, and the judgments he has uttered,",0.5719,remember wonderful works done miracles judgments uttered,3,Judgment & Righteousness
105,6,"O offspring of his servant Abraham, children of Jacob, his chosen ones.",0.0,offspring servant abraham children jacob chosen ones,2,Protection and Authority
105,7,He is the Lord our God; his judgments are in all the earth.,0.2732,lord god judgments earth,4,Victory and Power
105,8,"He is mindful of his covenant forever, of the word that he commanded, for a thousand generations,",0.0,mindful covenant forever word commanded thousand generations,2,Protection and Authority
105,9,"the covenant that he made with Abraham, his sworn promise to Isaac,",0.3182,covenant made abraham sworn promise isaac,2,Protection and Authority
105,10,"which he confirmed to Jacob as a statute, to Israel as an everlasting covenant,",0.0,confirmed jacob statute israel everlasting covenant,2,Protection and Authority
105,11,"saying, “To you I will give the land of Canaan as your portion for an inheritance.”",0.0,saying give land canaan portion inheritance,2,Protection and Authority
105,12,"When they were few in number, of little account, and strangers in it,",0.0772,number little account strangers,1,Poetic Metaphors
105,13,"wandering from nation to nation, from one kingdom to another people,",0.0,wandering nation nation one kingdom another people,2,Protection and Authority
105,14,"he allowed no one to oppress them; he rebuked kings on their account,",-0.296,allowed one oppress rebuked kings account,2,Protection and Authority
105,15,"saying, “Do not touch my anointed ones; do my prophets no harm.”",-0.296,saying touch anointed ones prophets harm,3,Judgment & Righteousness
105,16,"When he summoned famine against the land, and broke every staff of bread,",-0.4215,summoned famine land broke every staff bread,1,Poetic Metaphors
105,17,"he had sent a man ahead of them, Joseph, who was sold as a slave.",0.0,sent man ahead joseph sold slave,2,Protection and Authority
105,18,"His feet were hurt with fetters, his neck was put in a collar of iron;",-0.5267,feet hurt fetters neck put collar iron,1,Poetic Metaphors
105,19,"until what he had said came to pass, the word of the Lord kept testing him.",0.0,said came pass word lord kept testing,4,Victory and Power
105,20,The king sent and released him; the ruler of the peoples set him free.,0.5106,king sent released ruler peoples set free,2,Protection and Authority
105,21,"He made him lord of his house, and ruler of all his possessions,",0.0,made lord house ruler possessions,2,Protection and Authority
105,22,"to instruct his officials at his pleasure, and to teach his elders wisdom.",0.7964,instruct officials pleasure teach elders wisdom,3,Judgment & Righteousness
105,23,Then Israel came to Egypt; Jacob lived as an alien in the land of Ham.,0.0,israel came egypt jacob lived alien land ham,2,Protection and Authority
105,24,"And the Lord made his people very fruitful, and made them stronger than their foes,",-0.1027,lord made people fruitful made stronger foes,4,Victory and Power
105,25,"whose hearts he then turned to hate his people, to deal craftily with his servants.",0.1531,whose hearts turned hate people deal craftily servants,3,Judgment & Righteousness
105,26,"He sent his servant Moses, and Aaron whom he had chosen.",0.0,sent servant moses aaron chosen,2,Protection and Authority
105,27,"They performed his signs among them, and miracles in the land of Ham.",0.0,performed signs among miracles land ham,1,Poetic Metaphors
105,28,"He sent darkness, and made the land dark; they rebelled against his words.",-0.4588,sent darkness made land dark rebelled words,1,Poetic Metaphors
105,29,"He turned their waters into blood, and caused their fish to die.",-0.5994,turned waters blood caused fish die,1,Poetic Metaphors
105,30,"Their land swarmed with frogs, even in the chambers of their kings.",0.0,land swarmed frogs even chambers kings,1,Poetic Metaphors
105,31,"He spoke, and there came swarms of flies, and gnats throughout their country.",0.0,spoke came swarms flies gnats throughout country,1,Poetic Metaphors
105,32,"He gave them hail for rain, and lightning that flashed through their land.",0.0772,gave hail rain lightning flashed land,1,Poetic Metaphors
105,33,"He struck their vines and fig trees, and shattered the trees of their country.",-0.6249,struck vines fig trees shattered trees country,1,Poetic Metaphors
105,34,"He spoke, and the locusts came, and young locusts without number;",-0.0572,spoke locusts came young locusts without number,1,Poetic Metaphors
105,35,"they devoured all the vegetation in their land, and ate up the fruit of their ground.",0.0,devoured vegetation land ate fruit ground,1,Poetic Metaphors
105,36,"He struck down all the firstborn in their land, the first issue of all their strength.",0.296,struck firstborn land first issue strength,1,Poetic Metaphors
105,37,"Then he brought Israel out with silver and gold, and there was no one among their tribes who stumbled.",-0.296,brought israel silver gold one among tribes stumbled,2,Protection and Authority
105,38,"Egypt was glad when they departed, for dread of them had fallen upon it.",-0.3612,egypt glad departed dread fallen upon,2,Protection and Authority
105,39,"He spread a cloud for a covering, and fire to give light by night.",-0.34,spread cloud covering fire give light night,1,Poetic Metaphors
105,40,"They asked, and he brought quails, and gave them food from heaven in abundance.",0.5106,asked brought quails gave food heaven abundance,1,Poetic Metaphors
105,41,"He opened the rock, and water gushed out; it flowed through the desert like a river.",0.3612,opened rock water gushed flowed desert like river,1,Poetic Metaphors
105,42,"For he remembered his holy promise, and Abraham, his servant.",0.3182,remembered holy promise abraham servant,2,Protection and Authority
105,43,"So he brought his people out with joy, his chosen ones with singing.",0.5859,brought people joy chosen ones singing,1,Poetic Metaphors
105,44,"He gave them the lands of the nations, and they took possession of the wealth of the peoples,",0.4939,gave lands nations took possession wealth peoples,2,Protection and Authority
105,45,that they might keep his statutes and observe his laws. Praise the Lord!,0.5983,might keep statutes observe laws praise lord,4,Victory and Power
106,1,"Praise the Lord! O give thanks to the Lord, for he is good; for his steadfast love endures forever.",0.9422,praise lord give thanks lord good steadfast love endures forever,0,Hopefulness
106,2,"Who can utter the mighty doings of the Lord, or declare all his praise?",0.5574,utter mighty doings lord declare praise,4,Victory and Power
106,3,"Happy are those who observe justice, who do righteousness at all times.",0.7964,happy observe justice righteousness times,0,Hopefulness
106,4,"Remember me, O Lord, when you show favor to your people; help me when you deliver them;",0.6597,remember lord show favor people help deliver,4,Victory and Power
106,5,"that I may see the prosperity of your chosen ones, that I may rejoice in the gladness of your nation, that I may glory in your heritage.",0.7506,may see prosperity chosen ones may rejoice gladness nation may glory heritage,2,Protection and Authority
106,6,"Both we and our ancestors have sinned; we have committed iniquity, have done wickedly.",-0.25,ancestors sinned committed iniquity done wickedly,3,Judgment & Righteousness
106,7,"Our ancestors, when they were in Egypt, did not consider your wonderful works; they did not remember the abundance of your steadfast love, but rebelled against the Most High at the Red Sea.",-0.1025,ancestors egypt consider wonderful works remember abundance steadfast love rebelled high red sea,2,Protection and Authority
106,8,"Yet he saved them for his name’s sake, so that he might make known his mighty power.",0.4215,yet saved name sake might make known mighty power,4,Victory and Power
106,9,"He rebuked the Red Sea, and it became dry; he led them through the deep as through a desert.",0.0,rebuked red sea became dry led deep desert,1,Poetic Metaphors
106,10,"So he saved them from the hand of the foe, and delivered them from the hand of the enemy.",0.4728,saved hand foe delivered hand enemy,3,Judgment & Righteousness
106,11,The waters covered their adversaries; not one of them was left.,-0.25,waters covered adversaries one left,1,Poetic Metaphors
106,12,Then they believed his words; they sang his praise.,0.5574,believed words sang praise,4,Victory and Power
106,13,But they soon forgot his works; they did not wait for his counsel.,0.0,soon forgot works wait counsel,1,Poetic Metaphors
106,14,"But they had a wanton craving in the wilderness, and put God to the test in the desert;",0.3919,wanton craving wilderness put god test desert,1,Poetic Metaphors
106,15,"he gave them what they asked, but sent a wasting disease among them.",-0.5499,gave asked sent wasting disease among,1,Poetic Metaphors
106,16,"They were jealous of Moses in the camp, and of Aaron, the holy one of the Lord.",-0.4588,jealous moses camp aaron holy one lord,2,Protection and Authority
106,17,"The earth opened and swallowed up Dathan, and covered the faction of Abiram.",0.0,earth opened swallowed dathan covered faction abiram,1,Poetic Metaphors
106,18,Fire also broke out in their company; the flame burned up the wicked.,-0.8225,fire also broke company flame burned wicked,1,Poetic Metaphors
106,19,They made a calf at Horeb and worshiped a cast image.,0.5267,made calf horeb worshiped cast image,1,Poetic Metaphors
106,20,They exchanged the glory of God for the image of an ox that eats grass.,0.6808,exchanged glory god image ox eats grass,4,Victory and Power
106,21,"They forgot God, their Savior, who had done great things in Egypt,",0.7351,forgot god savior done great things egypt,2,Protection and Authority
106,22,"wondrous works in the land of Ham, and awesome deeds by the Red Sea.",0.6249,wondrous works land ham awesome deeds red sea,1,Poetic Metaphors
106,23,"Therefore he said he would destroy them— had not Moses, his chosen one, stood in the breach before him, to turn away his wrath from destroying them.",-0.7964,therefore said would destroy moses chosen one stood breach turn away wrath destroying,3,Judgment & Righteousness
106,24,"Then they despised the pleasant land, having no faith in his promise.",0.1451,despised pleasant land faith promise,3,Judgment & Righteousness
106,25,"They grumbled in their tents, and did not obey the voice of the Lord.",0.0,grumbled tents obey voice lord,4,Victory and Power
106,26,"Therefore he raised his hand and swore to them that he would make them fall in the wilderness,",0.4939,therefore raised hand swore would make fall wilderness,1,Poetic Metaphors
106,27,"and would disperse their descendants among the nations, scattering them over the lands.",0.0,would disperse descendants among nations scattering lands,1,Poetic Metaphors
106,28,"Then they attached themselves to the Baal of Peor, and ate sacrifices offered to the dead;",-0.6486,attached baal peor ate sacrifices offered dead,3,Judgment & Righteousness
106,29,"they provoked the Lord to anger with their deeds, and a plague broke out among them.",-0.8225,provoked lord anger deeds plague broke among,4,Victory and Power
106,30,"Then Phinehas stood up and interceded, and the plague was stopped.",-0.2263,phinehas stood interceded plague stopped,1,Poetic Metaphors
106,31,And that has been reckoned to him as righteousness from generation to generation forever.,0.0,reckoned righteousness generation generation forever,3,Judgment & Righteousness
106,32,"They angered the Lord at the waters of Meribah, and it went ill with Moses on their account;",-0.7269,angered lord waters meribah went ill moses account,2,Protection and Authority
106,33,"for they made his spirit bitter, and he spoke words that were rash.",-0.5859,made spirit bitter spoke words rash,3,Judgment & Righteousness
106,34,"They did not destroy the peoples, as the Lord commanded them,",0.431,destroy peoples lord commanded,4,Victory and Power
106,35,but they mingled with the nations and learned to do as they did.,0.0,mingled nations learned,1,Poetic Metaphors
106,36,"They served their idols, which became a snare to them.",0.0,served idols became snare,1,Poetic Metaphors
106,37,They sacrificed their sons and their daughters to the demons;,0.0,sacrificed sons daughters demons,3,Judgment & Righteousness
106,38,"they poured out innocent blood, the blood of their sons and daughters, whom they sacrificed to the idols of Canaan; and the land was polluted with blood.",-0.1531,poured innocent blood blood sons daughters sacrificed idols canaan land polluted blood,2,Protection and Authority
106,39,"Thus they became unclean by their acts, and prostituted themselves in their doings.",0.0,thus became unclean acts prostituted doings,3,Judgment & Righteousness
106,40,"Then the anger of the Lord was kindled against his people, and he abhorred his heritage;",-0.7964,anger lord kindled people abhorred heritage,3,Judgment & Righteousness
106,41,"he gave them into the hand of the nations, so that those who hated them ruled over them.",-0.25,gave hand nations hated ruled,2,Protection and Authority
106,42,"Their enemies oppressed them, and they were brought into subjection under their power.",-0.743,enemies oppressed brought subjection power,3,Judgment & Righteousness
106,43,"Many times he delivered them, but they were rebellious in their purposes, and were brought low through their iniquity.",-0.6652,many times delivered rebellious purposes brought low iniquity,3,Judgment & Righteousness
106,44,Nevertheless he regarded their distress when he heard their cry.,-0.7579,nevertheless regarded distress heard cry,3,Judgment & Righteousness
106,45,"For their sake he remembered his covenant, and showed compassion according to the abundance of his steadfast love.",0.8481,sake remembered covenant showed compassion according abundance steadfast love,0,Hopefulness
106,46,He caused them to be pitied by all who held them captive.,-0.3182,caused pitied held captive,1,Poetic Metaphors
106,47,"Save us, O Lord our God, and gather us from among the nations, that we may give thanks to your holy name and glory in your praise.",0.936,save us lord god gather us among nations may give thanks holy name glory praise,4,Victory and Power
106,48,"Blessed be the Lord, the God of Israel, from everlasting to everlasting. And let all the people say, “Amen.” Praise the Lord!",0.8718,blessed lord god israel everlasting everlasting let people say praise lord,2,Protection and Authority
107,1,"O give thanks to the Lord, for he is good; for his steadfast love endures forever.",0.9001,give thanks lord good steadfast love endures forever,0,Hopefulness
107,2,"Let the redeemed of the Lord say so, those he redeemed from trouble",0.2263,let redeemed lord say redeemed trouble,4,Victory and Power
107,3,"and gathered in from the lands, from the east and from the west, from the north and from the south.",0.0,gathered lands east west north south,1,Poetic Metaphors
107,4,"Some wandered in desert wastes, finding no way to an inhabited town;",-0.296,wandered desert wastes finding way inhabited town,1,Poetic Metaphors
107,5,"hungry and thirsty, their soul fainted within them.",0.0,hungry thirsty soul fainted within,1,Poetic Metaphors
107,6,"Then they cried to the Lord in their trouble, and he delivered them from their distress;",-0.8271,cried lord trouble delivered distress,4,Victory and Power
107,7,"he led them by a straight way, until they reached an inhabited town.",0.3182,led straight way reached inhabited town,1,Poetic Metaphors
107,8,"Let them thank the Lord for his steadfast love, for his wonderful works to humankind.",0.9081,let thank lord steadfast love wonderful works humankind,0,Hopefulness
107,9,"For he satisfies the thirsty, and the hungry he fills with good things.",0.6908,satisfies thirsty hungry fills good things,0,Hopefulness
107,10,"Some sat in darkness and in gloom, prisoners in misery and in irons,",-0.9118,sat darkness gloom prisoners misery irons,3,Judgment & Righteousness
107,11,"for they had rebelled against the words of God, and spurned the counsel of the Most High.",0.0258,rebelled words god spurned counsel high,3,Judgment & Righteousness
107,12,"Their hearts were bowed down with hard labor; they fell down, with no one to help.",0.6597,hearts bowed hard labor fell one help,1,Poetic Metaphors
107,13,"Then they cried to the Lord in their trouble, and he saved them from their distress;",-0.7096,cried lord trouble saved distress,4,Victory and Power
107,14,"he brought them out of darkness and gloom, and broke their bonds asunder.",-0.8126,brought darkness gloom broke bonds asunder,1,Poetic Metaphors
107,15,"Let them thank the Lord for his steadfast love, for his wonderful works to humankind.",0.9081,let thank lord steadfast love wonderful works humankind,0,Hopefulness
107,16,"For he shatters the doors of bronze, and cuts in two the bars of iron.",-0.296,shatters doors bronze cuts two bars iron,1,Poetic Metaphors
107,17,"Some were sick through their sinful ways, and because of their iniquities endured affliction;",-0.7845,sick sinful ways iniquities endured affliction,3,Judgment & Righteousness
107,18,"they loathed any kind of food, and they drew near to the gates of death.",-0.7906,loathed kind food drew near gates death,1,Poetic Metaphors
107,19,"Then they cried to the Lord in their trouble, and he saved them from their distress;",-0.7096,cried lord trouble saved distress,4,Victory and Power
107,20,"he sent out his word and healed them, and delivered them from destruction.",-0.5719,sent word healed delivered destruction,0,Hopefulness
107,21,"Let them thank the Lord for his steadfast love, for his wonderful works to humankind.",0.9081,let thank lord steadfast love wonderful works humankind,0,Hopefulness
107,22,"And let them offer thanksgiving sacrifices, and tell of his deeds with songs of joy.",0.5859,let offer thanksgiving sacrifices tell deeds songs joy,0,Hopefulness
107,23,"Some went down to the sea in ships, doing business on the mighty waters;",0.0,went sea ships business mighty waters,1,Poetic Metaphors
107,24,"they saw the deeds of the Lord, his wondrous works in the deep.",0.0,saw deeds lord wondrous works deep,4,Victory and Power
107,25,"For he commanded and raised the stormy wind, which lifted up the waves of the sea.",0.0,commanded raised stormy wind lifted waves sea,1,Poetic Metaphors
107,26,"They mounted up to heaven, they went down to the depths; their courage melted away in their calamity;",0.7579,mounted heaven went depths courage melted away calamity,0,Hopefulness
107,27,"they reeled and staggered like drunkards, and were at their wits’ end.",0.3612,reeled staggered like drunkards wits end,1,Poetic Metaphors
107,28,"Then they cried to the Lord in their trouble, and he brought them out from their distress;",-0.8271,cried lord trouble brought distress,4,Victory and Power
107,29,"he made the storm be still, and the waves of the sea were hushed.",0.0,made storm still waves sea hushed,1,Poetic Metaphors
107,30,"Then they were glad because they had quiet, and he brought them to their desired haven.",0.6249,glad quiet brought desired,1,Poetic Metaphors
107,31,"Let them thank the Lord for his steadfast love, for his wonderful works to humankind.",0.9081,let thank lord steadfast love wonderful works humankind,0,Hopefulness
107,32,"Let them extol him in the congregation of the people, and praise him in the assembly of the elders.",0.5574,let extol congregation people praise assembly elders,4,Victory and Power
107,33,"He turns rivers into a desert, springs of water into thirsty ground,",0.0,turns rivers desert springs water thirsty ground,1,Poetic Metaphors
107,34,"a fruitful land into a salty waste, because of the wickedness of its inhabitants.",-0.7096,fruitful land salty waste wickedness inhabitants,2,Protection and Authority
107,35,"He turns a desert into pools of water, a parched land into springs of water.",0.0,turns desert pools water parched land springs water,1,Poetic Metaphors
107,36,"And there he lets the hungry live, and they establish a town to live in;",0.0,lets hungry live establish town live,1,Poetic Metaphors
107,37,"they sow fields, and plant vineyards, and get a fruitful yield.",0.0,sow fields plant vineyards get fruitful yield,1,Poetic Metaphors
107,38,"By his blessing they multiply greatly, and he does not let their cattle decrease.",0.4939,blessing multiply greatly let cattle decrease,1,Poetic Metaphors
107,39,"When they are diminished and brought low through oppression, trouble, and sorrow,",-0.802,diminished brought low oppression trouble sorrow,3,Judgment & Righteousness
107,40,he pours contempt on princes and makes them wander in trackless wastes;,-0.5859,pours contempt princes makes wander trackless wastes,3,Judgment & Righteousness
107,41,"but he raises up the needy out of distress, and makes their families like flocks.",-0.6652,raises needy distress makes families like flocks,3,Judgment & Righteousness
107,42,The upright see it and are glad; and all wickedness stops its mouth.,-0.1779,upright see glad wickedness stops mouth,3,Judgment & Righteousness
107,43,"Let those who are wise give heed to these things, and consider the steadfast love of the Lord.",0.8519,let wise give heed things consider steadfast love lord,0,Hopefulness
108,1,"My heart is steadfast, O God, my heart is steadfast; I will sing and make melody. Awake, my soul!",0.9299,heart steadfast god heart steadfast sing make melody awake soul,0,Hopefulness
108,2,"Awake, O harp and lyre! I will awake the dawn.",0.0,awake harp lyre awake dawn,1,Poetic Metaphors
108,3,"I will give thanks to you, O Lord, among the peoples, and I will sing praises to you among the nations.",0.743,give thanks lord among peoples sing praises among nations,4,Victory and Power
108,4,"For your steadfast love is higher than the heavens, and your faithfulness reaches to the clouds.",0.9001,steadfast love higher heavens faithfulness reaches clouds,0,Hopefulness
108,5,"Be exalted, O God, above the heavens, and let your glory be over all the earth.",0.8074,exalted god heavens let glory earth,4,Victory and Power
108,6,"Give victory with your right hand, and answer me, so that those whom you love may be rescued.",0.8807,give victory right hand answer love may rescued,0,Hopefulness
108,7,"God has promised in his sanctuary: “With exultation I will divide up Shechem, and portion out the Vale of Succoth.",0.5574,god promised sanctuary exultation divide shechem portion vale succoth,4,Victory and Power
108,8,Gilead is mine; Manasseh is mine; Ephraim is my helmet; Judah is my scepter.,0.0,gilead mine manasseh mine ephraim helmet judah scepter,2,Protection and Authority
108,9,Moab is my washbasin; on Edom I hurl my shoe; over Philistia I shout in triumph.”,0.0,moab washbasin edom hurl shoe philistia shout triumph,1,Poetic Metaphors
108,10,Who will bring me to the fortified city? Who will lead me to Edom?,0.0,bring fortified city lead edom,2,Protection and Authority
108,11,"Have you not rejected us, O God? You do not go out, O God, with our armies.",0.7097,rejected us god go god armies,4,Victory and Power
108,12,"O grant us help against the foe, for human help is worthless.",0.2732,grant us help foe human help worthless,3,Judgment & Righteousness
108,13,With God we shall do valiantly; it is he who will tread down our foes.,-0.2263,god shall valiantly tread foes,4,Victory and Power
109,1,"Do not be silent, O God of my praise.",0.6908,silent god praise,4,Victory and Power
109,2,"For wicked and deceitful mouths are opened against me, speaking against me with lying tongues.",-0.8658,wicked deceitful mouths opened speaking lying tongues,3,Judgment & Righteousness
109,3,"They beset me with words of hate, and attack me without cause.",-0.7783,beset words hate attack without cause,3,Judgment & Righteousness
109,4,"In return for my love they accuse me, even while I make prayer for them.",0.5267,return love accuse even make prayer,0,Hopefulness
109,5,"So they reward me evil for good, and hatred for my love.",0.3566,reward evil good hatred love,3,Judgment & Righteousness
109,6,"They say, “Appoint a wicked man against him; let an accuser stand on his right.",-0.5267,say appoint wicked man let accuser stand right,3,Judgment & Righteousness
109,7,"When he is tried, let him be found guilty; let his prayer be counted as sin.",-0.7506,tried let found guilty let prayer counted sin,3,Judgment & Righteousness
109,8,May his days be few; may another seize his position.,0.0,may days may another seize position,1,Poetic Metaphors
109,9,"May his children be orphans, and his wife a widow.",0.0,may children orphans wife widow,1,Poetic Metaphors
109,10,May his children wander about and beg; may they be driven out of the ruins they inhabit.,-0.4404,may children wander beg may driven ruins inhabit,1,Poetic Metaphors
109,11,May the creditor seize all that he has; may strangers plunder the fruits of his toil.,-0.0258,may creditor seize may strangers plunder fruits toil,3,Judgment & Righteousness
109,12,"May there be no one to do him a kindness, nor anyone to pity his orphaned children.",0.3995,may one kindness anyone pity orphaned children,3,Judgment & Righteousness
109,13,May his posterity be cut off; may his name be blotted out in the second generation.,-0.2732,may posterity cut may name blotted second generation,1,Poetic Metaphors
109,14,"May the iniquity of his father be remembered before the Lord, and do not let the sin of his mother be blotted out.",0.4449,may iniquity father remembered lord let sin mother blotted,4,Victory and Power
109,15,"Let them be before the Lord continually, and may his memory be cut off from the earth.",-0.2732,let lord continually may memory cut earth,4,Victory and Power
109,16,"For he did not remember to show kindness, but pursued the poor and needy and the brokenhearted to their death.",-0.9118,remember show kindness pursued poor needy brokenhearted death,0,Hopefulness
109,17,He loved to curse; let curses come on him. He did not like blessing; may it be far from him.,-0.5168,loved curse let curses come like blessing may far,3,Judgment & Righteousness
109,18,"He clothed himself with cursing as his coat, may it soak into his body like water, like oil into his bones.",0.6124,clothed cursing coat may soak body like water like oil bones,1,Poetic Metaphors
109,19,"May it be like a garment that he wraps around himself, like a belt that he wears every day.”",0.6124,may like garment wraps around like belt wears every day,1,Poetic Metaphors
109,20,"May that be the reward of my accusers from the Lord, of those who speak evil against my life.",-0.1779,may reward accusers lord speak evil life,3,Judgment & Righteousness
109,21,"But you, O Lord my Lord, act on my behalf for your name’s sake; because your steadfast love is good, deliver me.",0.9209,lord lord act behalf name sake steadfast love good deliver,4,Victory and Power
109,22,"For I am poor and needy, and my heart is pierced within me.",-0.0772,poor needy heart pierced within,0,Hopefulness
109,23,I am gone like a shadow at evening; I am shaken off like a locust.,0.5719,gone like shadow evening shaken like locust,1,Poetic Metaphors
109,24,My knees are weak through fasting; my body has become gaunt.,-0.4404,knees weak fasting body become gaunt,1,Poetic Metaphors
109,25,"I am an object of scorn to my accusers; when they see me, they shake their heads.",-0.5267,object scorn accusers see shake heads,3,Judgment & Righteousness
109,26,"Help me, O Lord my God! Save me according to your steadfast love.",0.9259,help lord god save according steadfast love,0,Hopefulness
109,27,"Let them know that this is your hand; you, O Lord, have done it.",0.4939,let know hand lord done,4,Victory and Power
109,28,"Let them curse, but you will bless. Let my assailants be put to shame; may your servant be glad.",0.3182,let curse bless let assailants put shame may servant glad,3,Judgment & Righteousness
109,29,May my accusers be clothed with dishonor; may they be wrapped in their own shame as in a mantle.,-0.4767,may accusers clothed dishonor may wrapped shame mantle,3,Judgment & Righteousness
109,30,With my mouth I will give great thanks to the Lord; I will praise him in the midst of the throng.,0.891,mouth give great thanks lord praise midst throng,4,Victory and Power
109,31,"For he stands at the right hand of the needy, to save them from those who would condemn them to death.",-0.3612,stands right hand needy save would condemn death,0,Hopefulness
110,1,"The Lord says to my lord, “Sit at my right hand until I make your enemies your footstool.”",0.0,lord says lord sit right hand make enemies footstool,4,Victory and Power
110,2,The Lord sends out from Zion your mighty scepter. Rule in the midst of your foes.,-0.4588,lord sends zion mighty scepter rule midst foes,2,Protection and Authority
110,3,"Your people will offer themselves willingly on the day you lead your forces on the holy mountains. From the womb of the morning, like dew, your youth will come to you.",0.3612,people offer willingly day lead forces holy mountains womb morning like dew youth come,1,Poetic Metaphors
110,4,"The Lord has sworn and will not change his mind, “You are a priest forever according to the order of Melchizedek.”",0.0,lord sworn change mind priest forever according order melchizedek,4,Victory and Power
110,5,The Lord is at your right hand; he will shatter kings on the day of his wrath.,0.4939,lord right hand shatter kings day wrath,4,Victory and Power
110,6,"He will execute judgment among the nations, filling them with corpses; he will shatter heads over the wide earth.",0.0,execute judgment among nations filling corpses shatter heads wide earth,3,Judgment & Righteousness
110,7,He will drink from the stream by the path; therefore he will lift up his head.,0.0,drink stream path therefore lift head,1,Poetic Metaphors
111,1,"Praise the Lord! I will give thanks to the Lord with my whole heart, in the company of the upright, in the congregation.",0.8999,praise lord give thanks lord whole heart company upright congregation,4,Victory and Power
111,2,"Great are the works of the Lord, studied by all who delight in them.",0.8402,great works lord studied delight,4,Victory and Power
111,3,"Full of honor and majesty is his work, and his righteousness endures forever.",0.4939,full honor majesty work righteousness endures forever,0,Hopefulness
111,4,He has gained renown by his wonderful deeds; the Lord is gracious and merciful.,0.872,gained renown wonderful deeds lord gracious merciful,4,Victory and Power
111,5,He provides food for those who fear him; he is ever mindful of his covenant.,-0.4939,provides food fear ever mindful covenant,3,Judgment & Righteousness
111,6,"He has shown his people the power of his works, in giving them the heritage of the nations.",0.34,shown people power works giving heritage nations,2,Protection and Authority
111,7,The works of his hands are faithful and just; all his precepts are trustworthy.,0.7579,works hands faithful precepts trustworthy,3,Judgment & Righteousness
111,8,"They are established forever and ever, to be performed with faithfulness and uprightness.",0.4404,established forever ever performed faithfulness uprightness,0,Hopefulness
111,9,He sent redemption to his people; he has commanded his covenant forever. Holy and awesome is his name.,0.6249,sent redemption people commanded covenant forever holy awesome name,2,Protection and Authority
111,10,The fear of the Lord is the beginning of wisdom; all those who practice it have a good understanding. His praise endures forever.,0.7717,fear lord beginning wisdom practice good understanding praise endures forever,0,Hopefulness
112,1,"Praise the Lord! Happy are those who fear the Lord, who greatly delight in his commandments.",0.862,praise lord happy fear lord greatly delight commandments,4,Victory and Power
112,2,Their descendants will be mighty in the land; the generation of the upright will be blessed.,0.5994,descendants mighty land generation upright blessed,2,Protection and Authority
112,3,"Wealth and riches are in their houses, and their righteousness endures forever.",0.765,wealth riches houses righteousness endures forever,0,Hopefulness
112,4,"They rise in the darkness as a light for the upright; they are gracious, merciful, and righteous.",0.3818,rise darkness light upright gracious merciful righteous,3,Judgment & Righteousness
112,5,"It is well with those who deal generously and lend, who conduct their affairs with justice.",0.8074,well deal generously lend conduct affairs justice,3,Judgment & Righteousness
112,6,For the righteous will never be moved; they will be remembered forever.,0.0,righteous never moved remembered forever,0,Hopefulness
112,7,"They are not afraid of evil tidings; their hearts are firm, secure in the Lord.",0.8811,afraid evil tidings hearts firm secure lord,3,Judgment & Righteousness
112,8,"Their hearts are steady, they will not be afraid; in the end they will look in triumph on their foes.",0.6597,hearts steady afraid end look triumph foes,0,Hopefulness
112,9,"They have distributed freely, they have given to the poor; their righteousness endures forever; their horn is exalted in honor.",0.4588,distributed freely given poor righteousness endures forever horn exalted honor,0,Hopefulness
112,10,The wicked see it and are angry; they gnash their teeth and melt away; the desire of the wicked comes to nothing.,-0.8126,wicked see angry gnash teeth melt away desire wicked comes nothing,3,Judgment & Righteousness
113,1,"Praise the Lord! Praise, O servants of the Lord; praise the name of the Lord.",0.902,praise lord praise servants lord praise name lord,4,Victory and Power
113,2,Blessed be the name of the Lord from this time on and forevermore.,0.5994,blessed name lord time forevermore,4,Victory and Power
113,3,From the rising of the sun to its setting the name of the Lord is to be praised.,0.4939,rising sun setting name lord praised,4,Victory and Power
113,4,"The Lord is high above all nations, and his glory above the heavens.",0.7351,lord high nations glory heavens,4,Victory and Power
113,5,"Who is like the Lord our God, who is seated on high,",0.5574,like lord god seated high,4,Victory and Power
113,6,who looks far down on the heavens and the earth?,0.4019,looks far heavens earth,1,Poetic Metaphors
113,7,"He raises the poor from the dust, and lifts the needy from the ash heap,",-0.6705,raises poor dust lifts needy ash heap,1,Poetic Metaphors
113,8,"to make them sit with princes, with the princes of his people.",0.0,make sit princes princes people,2,Protection and Authority
113,9,"He gives the barren woman a home, making her the joyous mother of children. Praise the Lord!",0.8398,gives barren woman home making joyous mother children praise lord,4,Victory and Power
114,1,"When Israel went out from Egypt, the house of Jacob from a people of strange language,",-0.2023,israel went egypt house jacob people strange language,2,Protection and Authority
114,2,"Judah became God’s sanctuary, Israel his dominion.",0.0,judah became god sanctuary israel dominion,2,Protection and Authority
114,3,The sea looked and fled; Jordan turned back.,0.0,sea looked fled jordan turned back,1,Poetic Metaphors
114,4,"The mountains skipped like rams, the hills like lambs.",0.6124,mountains skipped like rams hills like lambs,1,Poetic Metaphors
114,5,"Why is it, O sea, that you flee? O Jordan, that you turn back?",0.0,sea flee jordan turn back,1,Poetic Metaphors
114,6,"O mountains, that you skip like rams? O hills, like lambs?",0.6553,mountains skip like rams hills like lambs,1,Poetic Metaphors
114,7,"Tremble, O earth, at the presence of the Lord, at the presence of the God of Jacob,",0.0,tremble earth presence lord presence god jacob,4,Victory and Power
114,8,"who turns the rock into a pool of water, the flint into a spring of water.",0.0,turns rock pool water flint spring water,1,Poetic Metaphors
115,1,"Not to us, O Lord, not to us, but to your name give glory, for the sake of your steadfast love and your faithfulness.",0.9578,us lord us name give glory sake steadfast love faithfulness,0,Hopefulness
115,2,"Why should the nations say, “Where is their God?”",0.0,nations say god,2,Protection and Authority
115,3,Our God is in the heavens; he does whatever he pleases.,0.7579,god heavens whatever pleases,4,Victory and Power
115,4,"Their idols are silver and gold, the work of human hands.",0.0,idols silver gold work human hands,1,Poetic Metaphors
115,5,"They have mouths, but do not speak; eyes, but do not see.",0.0,mouths speak eyes see,1,Poetic Metaphors
115,6,"They have ears, but do not hear; noses, but do not smell.",0.0,ears hear noses smell,1,Poetic Metaphors
115,7,"They have hands, but do not feel; feet, but do not walk; they make no sound in their throats.",-0.4215,hands feel feet walk make sound throats,1,Poetic Metaphors
115,8,Those who make them are like them; so are all who trust in them.,0.7003,make like trust,3,Judgment & Righteousness
115,9,"O Israel, trust in the Lord! He is their help and their shield.",0.7424,israel trust lord help shield,2,Protection and Authority
115,10,"O house of Aaron, trust in the Lord! He is their help and their shield.",0.7424,house aaron trust lord help shield,4,Victory and Power
115,11,"You who fear the Lord, trust in the Lord! He is their help and their shield.",0.4753,fear lord trust lord help shield,4,Victory and Power
115,12,The Lord has been mindful of us; he will bless us; he will bless the house of Israel; he will bless the house of Aaron;,0.8126,lord mindful us bless us bless house israel bless house aaron,2,Protection and Authority
115,13,"he will bless those who fear the Lord, both small and great.",0.5719,bless fear lord small great,4,Victory and Power
115,14,"May the Lord give you increase, both you and your children.",0.3182,may lord give increase children,4,Victory and Power
115,15,"May you be blessed by the Lord, who made heaven and earth.",0.802,may blessed lord made heaven earth,4,Victory and Power
115,16,"The heavens are the Lord’s heavens, but the earth he has given to human beings.",0.4019,heavens lord heavens earth given human beings,4,Victory and Power
115,17,"The dead do not praise the Lord, nor do any that go down into silence.",-0.8033,dead praise lord go silence,4,Victory and Power
115,18,But we will bless the Lord from this time on and forevermore. Praise the Lord!,0.8718,bless lord time forevermore praise lord,4,Victory and Power
116,1,"I love the Lord, because he has heard my voice and my supplications.",0.6369,love lord heard voice supplications,4,Victory and Power
116,2,"Because he inclined his ear to me, therefore I will call on him as long as I live.",0.0,inclined ear therefore call long live,1,Poetic Metaphors
116,3,The snares of death encompassed me; the pangs of Sheol laid hold on me; I suffered distress and anguish.,-0.9371,snares death encompassed pangs sheol laid hold suffered distress anguish,1,Poetic Metaphors
116,4,"Then I called on the name of the Lord: “O Lord, I pray, save my life!”",0.6996,called name lord lord pray save life,4,Victory and Power
116,5,"Gracious is the Lord, and righteous; our God is merciful.",0.6908,gracious lord righteous god merciful,4,Victory and Power
116,6,"The Lord protects the simple; when I was brought low, he saved me.",0.4588,lord protects simple brought low saved,4,Victory and Power
116,7,"Return, O my soul, to your rest, for the Lord has dealt bountifully with you.",0.0,return soul rest lord dealt bountifully,4,Victory and Power
116,8,"For you have delivered my soul from death, my eyes from tears, my feet from stumbling.",-0.7003,delivered soul death eyes tears feet stumbling,1,Poetic Metaphors
116,9,I walk before the Lord in the land of the living.,0.0,walk lord land living,4,Victory and Power
116,10,"I kept my faith, even when I said, “I am greatly afflicted”;",0.4215,kept faith even said greatly afflicted,0,Hopefulness
116,11,"I said in my consternation, “Everyone is a liar.”",0.0,said consternation everyone liar,3,Judgment & Righteousness
116,12,What shall I return to the Lord for all his bounty to me?,0.0,shall return lord bounty,4,Victory and Power
116,13,"I will lift up the cup of salvation and call on the name of the Lord,",0.0,lift cup salvation call name lord,4,Victory and Power
116,14,I will pay my vows to the Lord in the presence of all his people.,-0.1027,pay vows lord presence people,4,Victory and Power
116,15,Precious in the sight of the Lord is the death of his faithful ones.,0.4019,precious sight lord death faithful ones,0,Hopefulness
116,16,"O Lord, I am your servant; I am your servant, the child of your serving girl. You have loosed my bonds.",0.0,lord servant servant child serving girl loosed bonds,3,Judgment & Righteousness
116,17,I will offer to you a thanksgiving sacrifice and call on the name of the Lord.,0.0,offer thanksgiving sacrifice call name lord,4,Victory and Power
116,18,"I will pay my vows to the Lord in the presence of all his people,",-0.1027,pay vows lord presence people,4,Victory and Power
116,19,"in the courts of the house of the Lord, in your midst, O Jerusalem. Praise the Lord!",0.5983,courts house lord midst jerusalem praise lord,4,Victory and Power
117,1,"Praise the Lord, all you nations! Extol him, all you peoples!",0.6351,praise lord nations extol peoples,4,Victory and Power
117,2,"For great is his steadfast love toward us, and the faithfulness of the Lord endures forever. Praise the Lord!",0.9523,great steadfast love toward us faithfulness lord endures forever praise lord,0,Hopefulness
118,1,"O give thanks to the Lord, for he is good; his steadfast love endures forever!",0.906,give thanks lord good steadfast love endures forever,0,Hopefulness
118,2,"Let Israel say, “His steadfast love endures forever.”",0.7351,let israel say steadfast love endures forever,0,Hopefulness
118,3,"Let the house of Aaron say, “His steadfast love endures forever.”",0.7351,let house aaron say steadfast love endures forever,0,Hopefulness
118,4,"Let those who fear the Lord say, “His steadfast love endures forever.”",0.4588,let fear lord say steadfast love endures forever,0,Hopefulness
118,5,Out of my distress I called on the Lord; the Lord answered me and set me in a broad place.,-0.5267,distress called lord lord answered set broad place,4,Victory and Power
118,6,With the Lord on my side I do not fear. What can mortals do to me?,0.3875,lord side fear mortals,4,Victory and Power
118,7,The Lord is on my side to help me; I shall look in triumph on those who hate me.,0.2732,lord side help shall look triumph hate,4,Victory and Power
118,8,It is better to take refuge in the Lord than to put confidence in mortals.,0.7351,better take refuge lord put confidence mortals,4,Victory and Power
118,9,It is better to take refuge in the Lord than to put confidence in princes.,0.7351,better take refuge lord put confidence princes,4,Victory and Power
118,10,All nations surrounded me; in the name of the Lord I cut them off!,-0.3382,nations surrounded name lord cut,2,Protection and Authority
118,11,"They surrounded me, surrounded me on every side; in the name of the Lord I cut them off!",-0.3382,surrounded surrounded every side name lord cut,4,Victory and Power
118,12,They surrounded me like bees; they blazed like a fire of thorns; in the name of the Lord I cut them off!,0.2003,surrounded like bees blazed like fire thorns name lord cut,1,Poetic Metaphors
118,13,"I was pushed hard, so that I was falling, but the Lord helped me.",-0.128,pushed hard falling lord helped,4,Victory and Power
118,14,The Lord is my strength and my might; he has become my salvation.,0.4939,lord strength might become salvation,4,Victory and Power
118,15,There are glad songs of victory in the tents of the righteous: “The right hand of the Lord does valiantly;,0.7351,glad songs victory tents righteous right hand lord valiantly,4,Victory and Power
118,16,the right hand of the Lord is exalted; the right hand of the Lord does valiantly.”,0.7506,right hand lord exalted right hand lord valiantly,4,Victory and Power
118,17,"I shall not die, but I shall live, and recount the deeds of the Lord.",0.267,shall die shall live recount deeds lord,4,Victory and Power
118,18,"The Lord has punished me severely, but he did not give me over to death.",-0.8537,lord punished severely give death,4,Victory and Power
118,19,"Open to me the gates of righteousness, that I may enter through them and give thanks to the Lord.",0.4404,open gates righteousness may enter give thanks lord,4,Victory and Power
118,20,This is the gate of the Lord; the righteous shall enter through it.,0.0,gate lord righteous shall enter,4,Victory and Power
118,21,I thank you that you have answered me and have become my salvation.,0.3612,thank answered become salvation,0,Hopefulness
118,22,The stone that the builders rejected has become the chief cornerstone.,-0.5106,stone builders rejected become chief cornerstone,2,Protection and Authority
118,23,This is the Lord’s doing; it is marvelous in our eyes.,0.5994,lord marvelous eyes,4,Victory and Power
118,24,This is the day that the Lord has made; let us rejoice and be glad in it.,0.7096,day lord made let us rejoice glad,4,Victory and Power
118,25,"Save us, we beseech you, O Lord! O Lord, we beseech you, give us success!",0.8168,save us beseech lord lord beseech give us success,4,Victory and Power
118,26,Blessed is the one who comes in the name of the Lord. We bless you from the house of the Lord.,0.7717,blessed one comes name lord bless house lord,4,Victory and Power
118,27,"The Lord is God, and he has given us light. Bind the festal procession with branches, up to the horns of the altar.",0.2732,lord god given us light bind festal procession branches horns altar,4,Victory and Power
118,28,"You are my God, and I will give thanks to you; you are my God, I will extol you.",0.7269,god give thanks god extol,4,Victory and Power
118,29,"O give thanks to the Lord, for he is good, for his steadfast love endures forever.",0.9001,give thanks lord good steadfast love endures forever,0,Hopefulness
119,1,"Happy are those whose way is blameless, who walk in the law of the Lord.",0.6597,happy whose way blameless walk law lord,3,Judgment & Righteousness
119,2,"Happy are those who keep his decrees, who seek him with their whole heart,",0.836,happy keep decrees seek whole heart,0,Hopefulness
119,3,"who also do no wrong, but walk in his ways.",0.1967,also wrong walk ways,1,Poetic Metaphors
119,4,You have commanded your precepts to be kept diligently.,0.0,commanded precepts kept diligently,3,Judgment & Righteousness
119,5,O that my ways may be steadfast in keeping your statutes!,0.3164,ways may steadfast keeping statutes,3,Judgment & Righteousness
119,6,"Then I shall not be put to shame, having my eyes fixed on all your commandments.",-0.4767,shall put shame eyes fixed commandments,3,Judgment & Righteousness
119,7,"I will praise you with an upright heart, when I learn your righteous ordinances.",0.8316,praise upright heart learn righteous ordinances,0,Hopefulness
119,8,I will observe your statutes; do not utterly forsake me.,0.0,observe statutes utterly forsake,3,Judgment & Righteousness
119,9,How can young people keep their way pure? By guarding it according to your word.,0.0,young people keep way pure guarding according word,3,Judgment & Righteousness
119,10,With my whole heart I seek you; do not let me stray from your commandments.,0.6369,whole heart seek let stray commandments,0,Hopefulness
119,11,"I treasure your word in my heart, so that I may not sin against you.",0.8528,treasure word heart may sin,0,Hopefulness
119,12,"Blessed are you, O Lord; teach me your statutes.",0.5994,blessed lord teach statutes,4,Victory and Power
119,13,With my lips I declare all the ordinances of your mouth.,0.0,lips declare ordinances mouth,3,Judgment & Righteousness
119,14,I delight in the way of your decrees as much as in all riches.,0.8074,delight way decrees much riches,3,Judgment & Righteousness
119,15,"I will meditate on your precepts, and fix my eyes on your ways.",0.0,meditate precepts fix eyes ways,3,Judgment & Righteousness
119,16,I will delight in your statutes; I will not forget your word.,0.6774,delight statutes forget word,3,Judgment & Righteousness
119,17,"Deal bountifully with your servant, so that I may live and observe your word.",0.0,deal bountifully servant may live observe word,3,Judgment & Righteousness
119,18,"Open my eyes, so that I may behold wondrous things out of your law.",0.0,open eyes may behold wondrous things law,1,Poetic Metaphors
119,19,I live as an alien in the land; do not hide your commandments from me.,0.1326,live alien land hide commandments,3,Judgment & Righteousness
119,20,My soul is consumed with longing for your ordinances at all times.,-0.0258,soul consumed longing ordinances times,0,Hopefulness
119,21,"You rebuke the insolent, accursed ones, who wander from your commandments;",0.0,rebuke insolent accursed ones wander commandments,3,Judgment & Righteousness
119,22,"take away from me their scorn and contempt, for I have kept your decrees.",-0.7579,take away scorn contempt kept decrees,3,Judgment & Righteousness
119,23,"Even though princes sit plotting against me, your servant will meditate on your statutes.",0.0,even though princes sit plotting servant meditate statutes,3,Judgment & Righteousness
119,24,"Your decrees are my delight, they are my counselors.",0.5994,decrees delight counselors,3,Judgment & Righteousness
119,25,My soul clings to the dust; revive me according to your word.,0.34,soul clings dust revive according word,1,Poetic Metaphors
119,26,"When I told of my ways, you answered me; teach me your statutes.",0.0,told ways answered teach statutes,3,Judgment & Righteousness
119,27,"Make me understand the way of your precepts, and I will meditate on your wondrous works.",0.0,make understand way precepts meditate wondrous works,0,Hopefulness
119,28,My soul melts away for sorrow; strengthen me according to your word.,-0.2732,soul melts away sorrow strengthen according word,0,Hopefulness
119,29,Put false ways far from me; and graciously teach me your law.,0.5106,put false ways far graciously teach law,3,Judgment & Righteousness
119,30,I have chosen the way of faithfulness; I set your ordinances before me.,0.4404,chosen way faithfulness set ordinances,3,Judgment & Righteousness
119,31,"I cling to your decrees, O Lord; let me not be put to shame.",-0.4767,cling decrees lord let put shame,3,Judgment & Righteousness
119,32,"I run the way of your commandments, for you enlarge my understanding.",0.0,run way commandments enlarge understanding,3,Judgment & Righteousness
119,33,"Teach me, O Lord, the way of your statutes, and I will observe it to the end.",0.0,teach lord way statutes observe end,4,Victory and Power
119,34,"Give me understanding, that I may keep your law and observe it with my whole heart.",0.6369,give understanding may keep law observe whole heart,0,Hopefulness
119,35,"Lead me in the path of your commandments, for I delight in it.",0.5994,lead path commandments delight,3,Judgment & Righteousness
119,36,"Turn my heart to your decrees, and not to selfish gain.",0.6096,turn heart decrees selfish gain,0,Hopefulness
119,37,Turn my eyes from looking at vanities; give me life in your ways.,0.0,turn eyes looking vanities give life ways,1,Poetic Metaphors
119,38,"Confirm to your servant your promise, which is for those who fear you.",-0.2263,confirm servant promise fear,3,Judgment & Righteousness
119,39,"Turn away the disgrace that I dread, for your ordinances are good.",-0.5106,turn away disgrace dread ordinances good,3,Judgment & Righteousness
119,40,"See, I have longed for your precepts; in your righteousness give me life.",0.0,see longed precepts righteousness give life,0,Hopefulness
119,41,"Let your steadfast love come to me, O Lord, your salvation according to your promise.",0.8176,let steadfast love come lord salvation according promise,0,Hopefulness
119,42,"Then I shall have an answer for those who taunt me, for I trust in your word.",0.5106,shall answer taunt trust word,3,Judgment & Righteousness
119,43,"Do not take the word of truth utterly out of my mouth, for my hope is in your ordinances.",0.6369,take word truth utterly mouth hope ordinances,3,Judgment & Righteousness
119,44,"I will keep your law continually, forever and ever.",0.0,keep law continually forever ever,3,Judgment & Righteousness
119,45,"I shall walk at liberty, for I have sought your precepts.",0.5267,shall walk liberty sought precepts,3,Judgment & Righteousness
119,46,"I will also speak of your decrees before kings, and shall not be put to shame;",-0.4767,also speak decrees kings shall put shame,3,Judgment & Righteousness
119,47,"I find my delight in your commandments, because I love them.",0.8442,find delight commandments love,0,Hopefulness
119,48,"I revere your commandments, which I love, and I will meditate on your statutes.",0.6369,revere commandments love meditate statutes,0,Hopefulness
119,49,"Remember your word to your servant, in which you have made me hope.",0.4404,remember word servant made hope,0,Hopefulness
119,50,"This is my comfort in my distress, that your promise gives me life.",0.1027,comfort distress promise gives life,0,Hopefulness
119,51,"The arrogant utterly deride me, but I do not turn away from your law.",-0.4208,arrogant utterly deride turn away law,3,Judgment & Righteousness
119,52,"When I think of your ordinances from of old, I take comfort, O Lord.",0.3612,think ordinances old take comfort lord,3,Judgment & Righteousness
119,53,"Hot indignation seizes me because of the wicked, those who forsake your law.",-0.7783,hot indignation seizes wicked forsake law,3,Judgment & Righteousness
119,54,Your statutes have been my songs wherever I make my home.,0.0,statutes songs wherever make home,1,Poetic Metaphors
119,55,"I remember your name in the night, O Lord, and keep your law.",0.0,remember name night lord keep law,4,Victory and Power
119,56,"This blessing has fallen to me, for I have kept your precepts.",0.1779,blessing fallen kept precepts,0,Hopefulness
119,57,The Lord is my portion; I promise to keep your words.,0.3182,lord portion promise keep words,4,Victory and Power
119,58,I implore your favor with all my heart; be gracious to me according to your promise.,0.9153,implore favor heart gracious according promise,0,Hopefulness
119,59,"When I think of your ways, I turn my feet to your decrees;",0.0,think ways turn feet decrees,3,Judgment & Righteousness
119,60,I hurry and do not delay to keep your commandments.,0.2411,hurry delay keep commandments,0,Hopefulness
119,61,"Though the cords of the wicked ensnare me, I do not forget your law.",-0.4086,though cords wicked ensnare forget law,3,Judgment & Righteousness
119,62,"At midnight I rise to praise you, because of your righteous ordinances.",0.5574,midnight rise praise righteous ordinances,4,Victory and Power
119,63,"I am a companion of all who fear you, of those who keep your precepts.",-0.4939,companion fear keep precepts,0,Hopefulness
119,64,"The earth, O Lord, is full of your steadfast love; teach me your statutes.",0.7351,earth lord full steadfast love teach statutes,0,Hopefulness
119,65,"You have dealt well with your servant, O Lord, according to your word.",0.2732,dealt well servant lord according word,4,Victory and Power
119,66,"Teach me good judgment and knowledge, for I believe in your commandments.",0.4404,teach good judgment knowledge believe commandments,3,Judgment & Righteousness
119,67,"Before I was humbled I went astray, but now I keep your word.",0.0,humbled went astray keep word,3,Judgment & Righteousness
119,68,You are good and do good; teach me your statutes.,0.7003,good good teach statutes,3,Judgment & Righteousness
119,69,"The arrogant smear me with lies, but with my whole heart I keep your precepts.",0.4678,arrogant smear lies whole heart keep precepts,3,Judgment & Righteousness
119,70,"Their hearts are fat and gross, but I delight in your law.",0.7876,hearts fat gross delight law,0,Hopefulness
119,71,"It is good for me that I was humbled, so that I might learn your statutes.",0.4404,good humbled might learn statutes,3,Judgment & Righteousness
119,72,The law of your mouth is better to me than thousands of gold and silver pieces.,0.4404,law mouth better thousands gold silver pieces,3,Judgment & Righteousness
119,73,Your hands have made and fashioned me; give me understanding that I may learn your commandments.,0.0,hands made fashioned give understanding may learn commandments,3,Judgment & Righteousness
119,74,"Those who fear you shall see me and rejoice, because I have hoped in your word.",0.3182,fear shall see rejoice hoped word,0,Hopefulness
119,75,"I know, O Lord, that your judgments are right, and that in faithfulness you have humbled me.",0.4404,know lord judgments right faithfulness humbled,4,Victory and Power
119,76,Let your steadfast love become my comfort according to your promise to your servant.,0.875,let steadfast love become comfort according promise servant,0,Hopefulness
119,77,"Let your mercy come to me, that I may live; for your law is my delight.",0.7506,let mercy come may live law delight,0,Hopefulness
119,78,"Let the arrogant be put to shame, because they have subverted me with guile; as for me, I will meditate on your precepts.",-0.743,let arrogant put shame subverted guile meditate precepts,3,Judgment & Righteousness
119,79,"Let those who fear you turn to me, so that they may know your decrees.",-0.4939,let fear turn may know decrees,3,Judgment & Righteousness
119,80,"May my heart be blameless in your statutes, so that I may not be put to shame.",0.4215,may heart blameless statutes may put shame,3,Judgment & Righteousness
119,81,My soul languishes for your salvation; I hope in your word.,0.4404,soul languishes salvation hope word,0,Hopefulness
119,82,"My eyes fail with watching for your promise; I ask, “When will you comfort me?”",0.0772,eyes fail watching promise ask comfort,0,Hopefulness
119,83,"For I have become like a wineskin in the smoke, yet I have not forgotten your statutes.",0.4881,become like wineskin smoke yet forgotten statutes,3,Judgment & Righteousness
119,84,How long must your servant endure? When will you judge those who persecute me?,-0.5362,long must servant endure judge persecute,3,Judgment & Righteousness
119,85,The arrogant have dug pitfalls for me; they flout your law.,-0.4939,arrogant dug pitfalls flout law,3,Judgment & Righteousness
119,86,All your commandments are enduring; I am persecuted without cause; help me!,-0.5927,commandments enduring persecuted without cause help,3,Judgment & Righteousness
119,87,They have almost made an end of me on earth; but I have not forsaken your precepts.,0.0,almost made end earth forsaken precepts,3,Judgment & Righteousness
119,88,"In your steadfast love spare my life, so that I may keep the decrees of your mouth.",0.7351,steadfast love spare life may keep decrees mouth,0,Hopefulness
119,89,The Lord exists forever; your word is firmly fixed in heaven.,0.5106,lord exists forever word firmly fixed heaven,4,Victory and Power
119,90,"Your faithfulness endures to all generations; you have established the earth, and it stands fast.",0.4404,faithfulness endures generations established earth stands fast,0,Hopefulness
119,91,"By your appointment they stand today, for all things are your servants.",0.0,appointment stand today things servants,4,Victory and Power
119,92,"If your law had not been my delight, I would have perished in my misery.",-0.7812,law delight would perished misery,3,Judgment & Righteousness
119,93,"I will never forget your precepts, for by them you have given me life.",0.1695,never forget precepts given life,0,Hopefulness
119,94,"I am yours; save me, for I have sought your precepts.",0.4939,save sought precepts,0,Hopefulness
119,95,"The wicked lie in wait to destroy me, but I consider your decrees.",-0.5346,wicked lie wait destroy consider decrees,3,Judgment & Righteousness
119,96,"I have seen a limit to all perfection, but your commandment is exceedingly broad.",0.3291,seen limit perfection commandment exceedingly broad,3,Judgment & Righteousness
119,97,"Oh, how I love your law! It is my meditation all day long.",0.6696,oh love law meditation day long,0,Hopefulness
119,98,"Your commandment makes me wiser than my enemies, for it is always with me.",-0.25,commandment makes wiser enemies always,3,Judgment & Righteousness
119,99,"I have more understanding than all my teachers, for your decrees are my meditation.",0.0,understanding teachers decrees meditation,3,Judgment & Righteousness
119,100,"I understand more than the aged, for I keep your precepts.",0.0,understand aged keep precepts,0,Hopefulness
119,101,"I hold back my feet from every evil way, in order to keep your word.",-0.6597,hold back feet every evil way order keep word,3,Judgment & Righteousness
119,102,"I do not turn away from your ordinances, for you have taught me.",0.0,turn away ordinances taught,3,Judgment & Righteousness
119,103,"How sweet are your words to my taste, sweeter than honey to my mouth!",0.5093,sweet words taste sweeter honey mouth,1,Poetic Metaphors
119,104,Through your precepts I get understanding; therefore I hate every false way.,-0.5719,precepts get understanding therefore hate every false way,3,Judgment & Righteousness
119,105,Your word is a lamp to my feet and a light to my path.,0.0,word lamp feet light path,1,Poetic Metaphors
119,106,"I have sworn an oath and confirmed it, to observe your righteous ordinances.",0.0,sworn oath confirmed observe righteous ordinances,3,Judgment & Righteousness
119,107,"I am severely afflicted; give me life, O Lord, according to your word.",-0.6705,severely afflicted give life lord according word,4,Victory and Power
119,108,"Accept my offerings of praise, O Lord, and teach me your ordinances.",0.7351,accept offerings praise lord teach ordinances,4,Victory and Power
119,109,"I hold my life in my hand continually, but I do not forget your law.",0.4765,hold life hand continually forget law,3,Judgment & Righteousness
119,110,"The wicked have laid a snare for me, but I do not stray from your precepts.",-0.296,wicked laid snare stray precepts,3,Judgment & Righteousness
119,111,Your decrees are my heritage forever; they are the joy of my heart.,0.8402,decrees heritage forever joy heart,0,Hopefulness
119,112,"I incline my heart to perform your statutes forever, to the end.",0.6369,incline heart perform statutes forever end,0,Hopefulness
119,113,"I hate the double-minded, but I love your law.",0.6652,hate love law,3,Judgment & Righteousness
119,114,You are my hiding place and my shield; I hope in your word.,0.1779,hiding place shield hope word,1,Poetic Metaphors
119,115,"Go away from me, you evildoers, that I may keep the commandments of my God.",-0.3182,go away evildoers may keep commandments god,3,Judgment & Righteousness
119,116,"Uphold me according to your promise, that I may live, and let me not be put to shame in my hope.",0.2732,uphold according promise may live let put shame hope,0,Hopefulness
119,117,"Hold me up, that I may be safe and have regard for your statutes continually.",0.4404,hold may safe regard statutes continually,3,Judgment & Righteousness
119,118,You spurn all who go astray from your statutes; for their cunning is in vain.,-0.4215,spurn go astray statutes cunning vain,3,Judgment & Righteousness
119,119,All the wicked of the earth you count as dross; therefore I love your decrees.,0.2023,wicked earth count dross therefore love decrees,3,Judgment & Righteousness
119,120,"My flesh trembles for fear of you, and I am afraid of your judgments.",-0.5106,flesh trembles fear afraid judgments,3,Judgment & Righteousness
119,121,I have done what is just and right; do not leave me to my oppressors.,0.0382,done right leave oppressors,3,Judgment & Righteousness
119,122,Guarantee your servant’s well-being; do not let the godless oppress me.,0.25,guarantee servant let godless oppress,4,Victory and Power
119,123,"My eyes fail from watching for your salvation, and for the fulfillment of your righteous promise.",-0.296,eyes fail watching salvation fulfillment righteous promise,0,Hopefulness
119,124,"Deal with your servant according to your steadfast love, and teach me your statutes.",0.7351,deal servant according steadfast love teach statutes,0,Hopefulness
119,125,"I am your servant; give me understanding, so that I may know your decrees.",0.0,servant give understanding may know decrees,3,Judgment & Righteousness
119,126,"It is time for the Lord to act, for your law has been broken.",-0.4767,time lord act law broken,3,Judgment & Righteousness
119,127,"Truly I love your commandments more than gold, more than fine gold.",0.8473,truly love commandments gold fine gold,0,Hopefulness
119,128,Truly I direct my steps by all your precepts; I hate every false way.,-0.2023,truly direct steps precepts hate every false way,3,Judgment & Righteousness
119,129,Your decrees are wonderful; therefore my soul keeps them.,0.5719,decrees wonderful therefore soul keeps,0,Hopefulness
119,130,The unfolding of your words gives light; it imparts understanding to the simple.,0.0,unfolding words gives light imparts understanding simple,1,Poetic Metaphors
119,131,"With open mouth I pant, because I long for your commandments.",0.0,open mouth pant long commandments,3,Judgment & Righteousness
119,132,"Turn to me and be gracious to me, as is your custom toward those who love your name.",0.8316,turn gracious custom toward love name,0,Hopefulness
119,133,"Keep my steps steady according to your promise, and never let iniquity have dominion over me.",0.3182,keep steps steady according promise never let iniquity dominion,0,Hopefulness
119,134,"Redeem me from human oppression, that I may keep your precepts.",0.0,redeem human oppression may keep precepts,3,Judgment & Righteousness
119,135,"Make your face shine upon your servant, and teach me your statutes.",0.0,make face shine upon servant teach statutes,3,Judgment & Righteousness
119,136,My eyes shed streams of tears because your law is not kept.,-0.2263,eyes shed streams tears law kept,3,Judgment & Righteousness
119,137,"You are righteous, O Lord, and your judgments are right.",0.0,righteous lord judgments right,4,Victory and Power
119,138,You have appointed your decrees in righteousness and in all faithfulness.,0.4404,appointed decrees righteousness faithfulness,3,Judgment & Righteousness
119,139,My zeal consumes me because my foes forget your words.,-0.5994,zeal consumes foes forget words,3,Judgment & Righteousness
119,140,"Your promise is well tried, and your servant loves it.",0.7964,promise well tried servant loves,0,Hopefulness
119,141,"I am small and despised, yet I do not forget your precepts.",-0.2579,small despised yet forget precepts,3,Judgment & Righteousness
119,142,"Your righteousness is an everlasting righteousness, and your law is the truth.",0.3182,righteousness everlasting righteousness law truth,0,Hopefulness
119,143,"Trouble and anguish have come upon me, but your commandments are my delight.",0.4678,trouble anguish come upon commandments delight,3,Judgment & Righteousness
119,144,Your decrees are righteous forever; give me understanding that I may live.,0.0,decrees righteous forever give understanding may live,0,Hopefulness
119,145,"With my whole heart I cry; answer me, O Lord. I will keep your statutes.",0.2732,whole heart cry answer lord keep statutes,0,Hopefulness
119,146,"I cry to you; save me, that I may observe your decrees.",0.0258,cry save may observe decrees,3,Judgment & Righteousness
119,147,I rise before dawn and cry for help; I put my hope in your words.,0.3612,rise dawn cry help put hope words,0,Hopefulness
119,148,"My eyes are awake before each watch of the night, that I may meditate on your promise.",0.3182,eyes awake watch night may meditate promise,0,Hopefulness
119,149,"In your steadfast love hear my voice; O Lord, in your justice preserve my life.",0.8625,steadfast love hear voice lord justice preserve life,0,Hopefulness
119,150,Those who persecute me with evil purpose draw near; they are far from your law.,-0.8176,persecute evil purpose draw near far law,3,Judgment & Righteousness
119,151,"Yet you are near, O Lord, and all your commandments are true.",0.4215,yet near lord commandments true,4,Victory and Power
119,152,Long ago I learned from your decrees that you have established them forever.,0.0,long ago learned decrees established forever,3,Judgment & Righteousness
119,153,"Look on my misery and rescue me, for I do not forget your law.",0.0685,look misery rescue forget law,3,Judgment & Righteousness
119,154,Plead my cause and redeem me; give me life according to your promise.,0.3182,plead cause redeem give life according promise,0,Hopefulness
119,155,"Salvation is far from the wicked, for they do not seek your statutes.",-0.5267,salvation far wicked seek statutes,3,Judgment & Righteousness
119,156,"Great is your mercy, O Lord; give me life according to your justice.",0.875,great mercy lord give life according justice,4,Victory and Power
119,157,"Many are my persecutors and my adversaries, yet I do not swerve from your decrees.",-0.25,many persecutors adversaries yet swerve decrees,3,Judgment & Righteousness
119,158,"I look at the faithless with disgust, because they do not keep your commands.",-0.7096,look faithless disgust keep commands,3,Judgment & Righteousness
119,159,Consider how I love your precepts; preserve my life according to your steadfast love.,0.886,consider love precepts preserve life according steadfast love,0,Hopefulness
119,160,The sum of your word is truth; and every one of your righteous ordinances endures forever.,0.3182,sum word truth every one righteous ordinances endures forever,3,Judgment & Righteousness
119,161,"Princes persecute me without cause, but my heart stands in awe of your words.",0.6956,princes persecute without cause heart stands awe words,3,Judgment & Righteousness
119,162,I rejoice at your word like one who finds great spoil.,0.8591,rejoice word like one finds great spoil,3,Judgment & Righteousness
119,163,"I hate and abhor falsehood, but I love your law.",0.5346,hate abhor falsehood love law,3,Judgment & Righteousness
119,164,Seven times a day I praise you for your righteous ordinances.,0.5574,seven times day praise righteous ordinances,4,Victory and Power
119,165,Great peace have those who love your law; nothing can make them stumble.,0.9153,great peace love law nothing make stumble,0,Hopefulness
119,166,"I hope for your salvation, O Lord, and I fulfill your commandments.",0.7003,hope salvation lord fulfill commandments,0,Hopefulness
119,167,My soul keeps your decrees; I love them exceedingly.,0.6369,soul keeps decrees love exceedingly,0,Hopefulness
119,168,"I keep your precepts and decrees, for all my ways are before you.",0.0,keep precepts decrees ways,3,Judgment & Righteousness
119,169,"Let my cry come before you, O Lord; give me understanding according to your word.",-0.4767,let cry come lord give understanding according word,4,Victory and Power
119,170,Let my supplication come before you; deliver me according to your promise.,0.3182,let supplication come deliver according promise,0,Hopefulness
119,171,"My lips will pour forth praise, because you teach me your statutes.",0.5574,lips pour forth praise teach statutes,3,Judgment & Righteousness
119,172,"My tongue will sing of your promise, for all your commandments are right.",0.3182,tongue sing promise commandments right,0,Hopefulness
119,173,"Let your hand be ready to help me, for I have chosen your precepts.",0.8126,let hand ready help chosen precepts,3,Judgment & Righteousness
119,174,"I long for your salvation, O Lord, and your law is my delight.",0.5994,long salvation lord law delight,0,Hopefulness
119,175,"Let me live that I may praise you, and let your ordinances help me.",0.743,let live may praise let ordinances help,3,Judgment & Righteousness
119,176,"I have gone astray like a lost sheep; seek out your servant, for I do not forget your commandments.",0.2182,gone astray like lost sheep seek servant forget commandments,3,Judgment & Righteousness
120,1,"In my distress I cry to the Lord, that he may answer me:",-0.7579,distress cry lord may answer,4,Victory and Power
120,2,"“Deliver me, O Lord, from lying lips, from a deceitful tongue.”",-0.743,deliver lord lying lips deceitful tongue,4,Victory and Power
120,3,"What shall be given to you? And what more shall be done to you, you deceitful tongue?",-0.504,shall given shall done deceitful tongue,3,Judgment & Righteousness
120,4,"A warrior’s sharp arrows, with glowing coals of the broom tree!",0.0,warrior sharp arrows glowing coals broom tree,1,Poetic Metaphors
120,5,"Woe is me, that I am an alien in Meshech, that I must live among the tents of Kedar.",-0.4215,woe alien meshech must live among tents kedar,1,Poetic Metaphors
120,6,Too long have I had my dwelling among those who hate peace.,-0.0258,long dwelling among hate peace,3,Judgment & Righteousness
120,7,"I am for peace; but when I speak, they are for war.",-0.6249,peace speak war,3,Judgment & Righteousness
121,1,I lift up my eyes to the hills— from where will my help come?,0.4019,lift eyes help come,1,Poetic Metaphors
121,2,"My help comes from the Lord, who made heaven and earth.",0.7184,help comes lord made heaven earth,4,Victory and Power
121,3,He will not let your foot be moved; he who keeps you will not slumber.,0.0,let foot moved keeps slumber,1,Poetic Metaphors
121,4,He who keeps Israel will neither slumber nor sleep.,0.0,keeps israel neither slumber sleep,2,Protection and Authority
121,5,The Lord is your keeper; the Lord is your shade at your right hand.,0.4939,lord keeper lord shade right hand,4,Victory and Power
121,6,"The sun shall not strike you by day, nor the moon by night.",0.0951,sun shall strike day moon night,1,Poetic Metaphors
121,7,The Lord will keep you from all evil; he will keep your life.,-0.6597,lord keep evil keep life,4,Victory and Power
121,8,The Lord will keep your going out and your coming in from this time on and forevermore.,0.0,lord keep going coming time forevermore,4,Victory and Power
122,1,"I was glad when they said to me, “Let us go to the house of the Lord!”",0.5093,glad said let us go house lord,4,Victory and Power
122,2,"Our feet are standing within your gates, O Jerusalem.",0.0,feet standing within gates jerusalem,2,Protection and Authority
122,3,Jerusalem—built as a city that is bound firmly together.,0.0,city bound firmly together,1,Poetic Metaphors
122,4,"To it the tribes go up, the tribes of the Lord, as was decreed for Israel, to give thanks to the name of the Lord.",0.4404,tribes go tribes lord decreed israel give thanks name lord,2,Protection and Authority
122,5,"For there the thrones for judgment were set up, the thrones of the house of David.",0.0,thrones judgment set thrones house david,2,Protection and Authority
122,6,Pray for the peace of Jerusalem: “May they prosper who love you.,0.875,pray peace jerusalem may prosper love,2,Protection and Authority
122,7,"Peace be within your walls, and security within your towers.”",0.7096,peace within walls security within towers,1,Poetic Metaphors
122,8,"For the sake of my relatives and friends I will say, “Peace be within you.”",0.4767,sake relatives friends say peace within,3,Judgment & Righteousness
122,9,"For the sake of the house of the Lord our God, I will seek your good.",0.6124,sake house lord god seek good,4,Victory and Power
123,1,"To you I lift up my eyes, O you who are enthroned in the heavens!",0.4574,lift eyes enthroned heavens,4,Victory and Power
123,2,"As the eyes of servants look to the hand of their master, as the eyes of a maid to the hand of her mistress, so our eyes look to the Lord our God, until he has mercy upon us.",0.875,eyes servants look hand master eyes maid hand mistress eyes look lord god mercy upon us,4,Victory and Power
123,3,"Have mercy upon us, O Lord, have mercy upon us, for we have had more than enough of contempt.",0.0516,mercy upon us lord mercy upon us enough contempt,4,Victory and Power
123,4,"Our soul has had more than its fill of the scorn of those who are at ease, of the contempt of the proud.",-0.2263,soul fill scorn ease contempt proud,3,Judgment & Righteousness
124,1,If it had not been the Lord who was on our side —let Israel now say—,0.0,lord side israel,2,Protection and Authority
124,2,"if it had not been the Lord who was on our side, when our enemies attacked us,",-0.7351,lord side enemies attacked us,4,Victory and Power
124,3,"then they would have swallowed us up alive, when their anger was kindled against us;",-0.2732,would swallowed us alive anger kindled us,3,Judgment & Righteousness
124,4,"then the flood would have swept us away, the torrent would have gone over us;",0.0,flood would swept us away torrent would gone us,1,Poetic Metaphors
124,5,then over us would have gone the raging waters.,-0.5267,us would gone raging waters,1,Poetic Metaphors
124,6,"Blessed be the Lord, who has not given us as prey to their teeth.",0.5994,blessed lord given us prey teeth,4,Victory and Power
124,7,"We have escaped like a bird from the snare of the fowlers; the snare is broken, and we have escaped.",-0.1531,escaped like bird snare fowlers snare broken escaped,1,Poetic Metaphors
124,8,"Our help is in the name of the Lord, who made heaven and earth.",0.7184,help name lord made heaven earth,4,Victory and Power
125,1,"Those who trust in the Lord are like Mount Zion, which cannot be moved, but abides forever.",0.4404,trust lord like mount zion moved abides forever,2,Protection and Authority
125,2,"As the mountains surround Jerusalem, so the Lord surrounds his people, from this time on and forevermore.",0.0,mountains surround jerusalem lord surrounds people time forevermore,2,Protection and Authority
125,3,"For the scepter of wickedness shall not rest on the land allotted to the righteous, so that the righteous might not stretch out their hands to do wrong.",-0.7351,scepter wickedness shall rest land allotted righteous righteous might stretch hands wrong,3,Judgment & Righteousness
125,4,"Do good, O Lord, to those who are good, and to those who are upright in their hearts.",0.8779,good lord good upright hearts,0,Hopefulness
125,5,But those who turn aside to their own crooked ways the Lord will lead away with evildoers. Peace be upon Israel!,0.1134,turn aside crooked ways lord lead away evildoers peace upon israel,2,Protection and Authority
126,1,"When the Lord restored the fortunes of Zion, we were like those who dream.",0.7096,lord restored fortunes zion like dream,2,Protection and Authority
126,2,"Then our mouth was filled with laughter, and our tongue with shouts of joy; then it was said among the nations, “The Lord has done great things for them.”",0.9022,mouth filled laughter tongue shouts joy said among nations lord done great things,4,Victory and Power
126,3,"The Lord has done great things for us, and we rejoiced.",0.7964,lord done great things us rejoiced,4,Victory and Power
126,4,"Restore our fortunes, O Lord, like the watercourses in the Negeb.",0.5719,restore fortunes lord like watercourses negeb,1,Poetic Metaphors
126,5,May those who sow in tears reap with shouts of joy.,0.4404,may sow tears reap shouts joy,0,Hopefulness
126,6,"Those who go out weeping, bearing the seed for sowing, shall come home with shouts of joy, carrying their sheaves.",0.2263,go weeping bearing seed sowing shall come home shouts joy carrying sheaves,1,Poetic Metaphors
127,1,"Unless the Lord builds the house, those who build it labor in vain. Unless the Lord guards the city, the guard keeps watch in vain.",-0.6808,unless lord builds house build labor vain unless lord guards city guard keeps watch vain,4,Victory and Power
127,2,"It is in vain that you rise up early and go late to rest, eating the bread of anxious toil; for he gives sleep to his beloved.",-0.128,vain rise early go late rest eating bread anxious toil gives sleep beloved,0,Hopefulness
127,3,"Sons are indeed a heritage from the Lord, the fruit of the womb a reward.",0.5719,sons indeed heritage lord fruit womb reward,2,Protection and Authority
127,4,Like arrows in the hand of a warrior are the sons of one’s youth.,0.6908,like arrows hand warrior sons one youth,1,Poetic Metaphors
127,5,Happy is the man who has his quiver full of them. He shall not be put to shame when he speaks with his enemies in the gate.,-0.3818,happy man quiver full shall put shame speaks enemies gate,3,Judgment & Righteousness
128,1,"Happy is everyone who fears the Lord, who walks in his ways.",0.2263,happy everyone fears lord walks ways,4,Victory and Power
128,2,"You shall eat the fruit of the labor of your hands; you shall be happy, and it shall go well with you.",0.7003,shall eat fruit labor hands shall happy shall go well,3,Judgment & Righteousness
128,3,Your wife will be like a fruitful vine within your house; your children will be like olive shoots around your table.,0.6124,wife like fruitful vine within house children like olive shoots around table,1,Poetic Metaphors
128,4,Thus shall the man be blessed who fears the Lord.,0.2732,thus shall man blessed fears lord,4,Victory and Power
128,5,The Lord bless you from Zion. May you see the prosperity of Jerusalem all the days of your life.,0.4215,lord bless zion may see prosperity jerusalem days life,2,Protection and Authority
128,6,May you see your children’s children. Peace be upon Israel!,0.5848,may see children children peace upon israel,2,Protection and Authority
129,1,“Often have they attacked me from my youth” —let Israel now say—,-0.4588,often attacked youth israel,2,Protection and Authority
129,2,"“often have they attacked me from my youth, yet they have not prevailed against me.",-0.4588,often attacked youth yet prevailed,3,Judgment & Righteousness
129,3,The plowers plowed on my back; they made their furrows long.”,0.0,plowers plowed back made furrows long,1,Poetic Metaphors
129,4,The Lord is righteous; he has cut the cords of the wicked.,-0.6705,lord righteous cut cords wicked,4,Victory and Power
129,5,May all who hate Zion be put to shame and turned backward.,-0.7783,may hate zion put shame turned backward,2,Protection and Authority
129,6,"Let them be like the grass on the housetops that withers before it grows up,",0.3612,let like grass housetops withers grows,1,Poetic Metaphors
129,7,"with which reapers do not fill their hands or binders of sheaves their arms,",0.0,reapers fill hands binders sheaves arms,1,Poetic Metaphors
129,8,"while those who pass by do not say, “The blessing of the Lord be upon you! We bless you in the name of the Lord!”",0.1916,pass say blessing lord upon bless name lord,4,Victory and Power
130,1,"Out of the depths I cry to you, O Lord.",-0.4767,depths cry lord,1,Poetic Metaphors
130,2,"Lord, hear my voice! Let your ears be attentive to the voice of my supplications!",0.0,lord hear voice let ears attentive voice supplications,4,Victory and Power
130,3,"If you, O Lord, should mark iniquities, Lord, who could stand?",0.0,lord mark iniquities lord could stand,4,Victory and Power
130,4,"But there is forgiveness with you, so that you may be revered.",0.7964,forgiveness may revered,0,Hopefulness
130,5,"I wait for the Lord, my soul waits, and in his word I hope;",0.4404,wait lord soul waits word hope,0,Hopefulness
130,6,"my soul waits for the Lord more than those who watch for the morning, more than those who watch for the morning.",0.0,soul waits lord watch morning watch morning,0,Hopefulness
130,7,"O Israel, hope in the Lord! For with the Lord there is steadfast love, and with him is great power to redeem.",0.9259,israel hope lord lord steadfast love great power redeem,2,Protection and Authority
130,8,It is he who will redeem Israel from all its iniquities.,0.0,redeem israel iniquities,2,Protection and Authority
131,1,"O Lord, my heart is not lifted up, my eyes are not raised too high; I do not occupy myself with things too great and too marvelous for me.",0.9217,lord heart lifted eyes raised high occupy things great marvelous,4,Victory and Power
131,2,"But I have calmed and quieted my soul, like a weaned child with its mother; my soul is like the weaned child that is with me.",0.872,calmed quieted soul like weaned child mother soul like weaned child,3,Judgment & Righteousness
131,3,"O Israel, hope in the Lord from this time on and forevermore.",0.4404,israel hope lord time forevermore,2,Protection and Authority
132,1,"O Lord, remember in David’s favor all the hardships he endured;",0.4019,lord remember david favor hardships endured,4,Victory and Power
132,2,"how he swore to the Lord and vowed to the Mighty One of Jacob,",0.0,swore lord vowed mighty one jacob,4,Victory and Power
132,3,“I will not enter my house or get into my bed;,0.0,enter house get bed,1,Poetic Metaphors
132,4,"I will not give sleep to my eyes or slumber to my eyelids,",0.0,give sleep eyes slumber eyelids,1,Poetic Metaphors
132,5,"until I find a place for the Lord, a dwelling place for the Mighty One of Jacob.”",0.0258,find place lord dwelling place mighty one jacob,2,Protection and Authority
132,6,We heard of it in Ephrathah; we found it in the fields of Jaar.,0.0,heard ephrathah found fields jaar,1,Poetic Metaphors
132,7,“Let us go to his dwelling place; let us worship at his footstool.”,0.3182,let us go dwelling place let us worship footstool,4,Victory and Power
132,8,"Rise up, O Lord, and go to your resting place, you and the ark of your might.",0.0,rise lord go resting place ark might,4,Victory and Power
132,9,"Let your priests be clothed with righteousness, and let your faithful shout for joy.",0.7717,let priests clothed righteousness let faithful shout joy,4,Victory and Power
132,10,For your servant David’s sake do not turn away the face of your anointed one.,0.0,servant david sake turn away face anointed one,3,Judgment & Righteousness
132,11,The Lord swore to David a sure oath from which he will not turn back: “One of the sons of your body I will set on your throne.,0.3182,lord swore david sure oath turn back one sons body set throne,2,Protection and Authority
132,12,"If your sons keep my covenant and my decrees that I shall teach them, their sons also, forevermore, shall sit on your throne.”",0.0,sons keep covenant decrees shall teach sons also forevermore shall sit throne,2,Protection and Authority
132,13,For the Lord has chosen Zion; he has desired it for his habitation:,0.2732,lord chosen zion desired habitation,2,Protection and Authority
132,14,"“This is my resting place forever; here I will reside, for I have desired it.",0.2732,resting place forever reside desired,1,Poetic Metaphors
132,15,I will abundantly bless its provisions; I will satisfy its poor with bread.,0.4019,abundantly bless provisions satisfy poor bread,3,Judgment & Righteousness
132,16,"Its priests I will clothe with salvation, and its faithful will shout for joy.",0.7717,priests clothe salvation faithful shout joy,0,Hopefulness
132,17,There I will cause a horn to sprout up for David; I have prepared a lamp for my anointed one.,0.2263,cause horn sprout david prepared lamp anointed one,1,Poetic Metaphors
132,18,"His enemies I will clothe with disgrace, but on him, his crown will gleam.”",-0.4939,enemies clothe disgrace crown gleam,3,Judgment & Righteousness
133,1,How very good and pleasant it is when kindred live together in unity!,0.7934,good pleasant kindred live together unity,0,Hopefulness
133,2,"It is like the precious oil on the head, running down upon the beard, on the beard of Aaron, running down over the collar of his robes.",0.7351,like precious oil head running upon beard beard aaron running collar robes,1,Poetic Metaphors
133,3,"It is like the dew of Hermon, which falls on the mountains of Zion. For there the Lord ordained his blessing, life forevermore.",0.6908,like dew hermon falls mountains zion lord ordained blessing life forevermore,2,Protection and Authority
134,1,"Come, bless the Lord, all you servants of the Lord, who stand by night in the house of the Lord!",0.4753,come bless lord servants lord stand night house lord,4,Victory and Power
134,2,"Lift up your hands to the holy place, and bless the Lord.",0.4215,lift hands holy place bless lord,4,Victory and Power
134,3,"May the Lord, maker of heaven and earth, bless you from Zion.",0.7269,may lord maker heaven earth bless zion,2,Protection and Authority
135,1,"Praise the Lord! Praise the name of the Lord; give praise, O servants of the Lord,",0.902,praise lord praise name lord give praise servants lord,4,Victory and Power
135,2,"you that stand in the house of the Lord, in the courts of the house of our God.",0.2732,stand house lord courts house god,4,Victory and Power
135,3,"Praise the Lord, for the Lord is good; sing to his name, for he is gracious.",0.8779,praise lord lord good sing name gracious,4,Victory and Power
135,4,"For the Lord has chosen Jacob for himself, Israel as his own possession.",0.0,lord chosen jacob israel possession,2,Protection and Authority
135,5,For I know that the Lord is great; our Lord is above all gods.,0.6249,know lord great lord gods,4,Victory and Power
135,6,"Whatever the Lord pleases he does, in heaven and on earth, in the seas and all deeps.",0.7184,whatever lord pleases heaven earth seas deeps,4,Victory and Power
135,7,He it is who makes the clouds rise at the end of the earth; he makes lightnings for the rain and brings out the wind from his storehouses.,0.0,makes clouds rise end earth makes lightnings rain brings wind storehouses,1,Poetic Metaphors
135,8,"He it was who struck down the firstborn of Egypt, both human beings and animals;",-0.25,struck firstborn egypt human beings animals,2,Protection and Authority
135,9,"he sent signs and wonders into your midst, O Egypt, against Pharaoh and all his servants.",0.0,sent signs wonders midst egypt pharaoh servants,2,Protection and Authority
135,10,He struck down many nations and killed mighty kings—,-0.7579,struck many nations killed mighty,2,Protection and Authority
135,11,"Sihon, king of the Amorites, and Og, king of Bashan, and all the kingdoms of Canaan—",0.0,sihon king amorites og king bashan kingdoms,2,Protection and Authority
135,12,"and gave their land as a heritage, a heritage to his people Israel.",0.0,gave land heritage heritage people israel,2,Protection and Authority
135,13,"Your name, O Lord, endures forever, your renown, O Lord, throughout all ages.",0.0,name lord endures forever renown lord throughout ages,4,Victory and Power
135,14,"For the Lord will vindicate his people, and have compassion on his servants.",0.5106,lord vindicate people compassion servants,3,Judgment & Righteousness
135,15,"The idols of the nations are silver and gold, the work of human hands.",0.0,idols nations silver gold work human hands,2,Protection and Authority
135,16,"They have mouths, but they do not speak; they have eyes, but they do not see;",0.0,mouths speak eyes see,1,Poetic Metaphors
135,17,"they have ears, but they do not hear, and there is no breath in their mouths.",-0.4215,ears hear breath mouths,1,Poetic Metaphors
135,18,Those who make them and all who trust them shall become like them.,0.7003,make trust shall become like,0,Hopefulness
135,19,"O house of Israel, bless the Lord! O house of Aaron, bless the Lord!",0.7339,house israel bless lord house aaron bless lord,2,Protection and Authority
135,20,"O house of Levi, bless the Lord! You that fear the Lord, bless the Lord!",0.4559,house levi bless lord fear lord bless lord,4,Victory and Power
135,21,"Blessed be the Lord from Zion, he who resides in Jerusalem. Praise the Lord!",0.8313,blessed lord zion resides jerusalem praise lord,2,Protection and Authority
136,1,"O give thanks to the Lord, for he is good, for his steadfast love endures forever.",0.9001,give thanks lord good steadfast love endures forever,0,Hopefulness
136,2,"O give thanks to the God of gods, for his steadfast love endures forever.",0.8807,give thanks god gods steadfast love endures forever,0,Hopefulness
136,3,"O give thanks to the Lord of lords, for his steadfast love endures forever;",0.8442,give thanks lord lords steadfast love endures forever,0,Hopefulness
136,4,"who alone does great wonders, for his steadfast love endures forever;",0.8519,alone great wonders steadfast love endures forever,0,Hopefulness
136,5,"who by understanding made the heavens, for his steadfast love endures forever;",0.836,understanding made heavens steadfast love endures forever,0,Hopefulness
136,6,"who spread out the earth on the waters, for his steadfast love endures forever;",0.7351,spread earth waters steadfast love endures forever,0,Hopefulness
136,7,"who made the great lights, for his steadfast love endures forever;",0.8834,made great lights steadfast love endures forever,0,Hopefulness
136,8,"the sun to rule over the day, for his steadfast love endures forever;",0.7351,sun rule day steadfast love endures forever,0,Hopefulness
136,9,"the moon and stars to rule over the night, for his steadfast love endures forever;",0.7351,moon stars rule night steadfast love endures forever,0,Hopefulness
136,10,"who struck Egypt through their firstborn, for his steadfast love endures forever;",0.6369,struck egypt firstborn steadfast love endures forever,0,Hopefulness
136,11,"and brought Israel out from among them, for his steadfast love endures forever;",0.7351,brought israel among steadfast love endures forever,2,Protection and Authority
136,12,"with a strong hand and an outstretched arm, for his steadfast love endures forever;",0.9136,strong hand outstretched arm steadfast love endures forever,0,Hopefulness
136,13,"who divided the Red Sea in two, for his steadfast love endures forever;",0.7351,divided red sea two steadfast love endures forever,0,Hopefulness
136,14,"and made Israel pass through the midst of it, for his steadfast love endures forever;",0.7351,made israel pass midst steadfast love endures forever,2,Protection and Authority
136,15,"but overthrew Pharaoh and his army in the Red Sea, for his steadfast love endures forever;",0.8519,overthrew pharaoh army red sea steadfast love endures forever,2,Protection and Authority
136,16,"who led his people through the wilderness, for his steadfast love endures forever;",0.7351,led people wilderness steadfast love endures forever,0,Hopefulness
136,17,"who struck down great kings, for his steadfast love endures forever;",0.8519,struck great kings steadfast love endures forever,0,Hopefulness
136,18,"and killed famous kings, for his steadfast love endures forever;",0.1779,killed famous kings steadfast love endures forever,0,Hopefulness
136,19,"Sihon, king of the Amorites, for his steadfast love endures forever;",0.7351,sihon king amorites steadfast love endures forever,0,Hopefulness
136,20,"and Og, king of Bashan, for his steadfast love endures forever;",0.7351,og king bashan steadfast love endures forever,0,Hopefulness
136,21,"and gave their land as a heritage, for his steadfast love endures forever;",0.7351,gave land heritage steadfast love endures forever,0,Hopefulness
136,22,"a heritage to his servant Israel, for his steadfast love endures forever.",0.7351,heritage servant israel steadfast love endures forever,2,Protection and Authority
136,23,"It is he who remembered us in our low estate, for his steadfast love endures forever;",0.6249,remembered us low estate steadfast love endures forever,0,Hopefulness
136,24,"and rescued us from our foes, for his steadfast love endures forever;",0.7184,rescued us foes steadfast love endures forever,0,Hopefulness
136,25,"who gives food to all flesh, for his steadfast love endures forever.",0.7351,gives food flesh steadfast love endures forever,0,Hopefulness
136,26,"O give thanks to the God of heaven, for his steadfast love endures forever.",0.926,give thanks god heaven steadfast love endures forever,0,Hopefulness
137,1,By the rivers of Babylon— there we sat down and there we wept when we remembered Zion.,-0.4588,rivers sat wept remembered zion,2,Protection and Authority
137,2,On the willows there we hung up our harps.,0.0,willows hung harps,1,Poetic Metaphors
137,3,"For there our captors asked us for songs, and our tormentors asked for mirth, saying, “Sing us one of the songs of Zion!”",0.5983,captors asked us songs tormentors asked mirth saying sing us one songs zion,2,Protection and Authority
137,4,How could we sing the Lord’s song in a foreign land?,0.0,could sing lord song foreign land,4,Victory and Power
137,5,"If I forget you, O Jerusalem, let my right hand wither!",0.3802,forget jerusalem let right hand wither,2,Protection and Authority
137,6,"Let my tongue cling to the roof of my mouth, if I do not remember you, if I do not set Jerusalem above my highest joy.",0.5859,let tongue cling roof mouth remember set jerusalem highest joy,2,Protection and Authority
137,7,"Remember, O Lord, against the Edomites the day of Jerusalem’s fall, how they said, “Tear it down! Tear it down! Down to its foundations!”",0.0,remember lord edomites day jerusalem fall said tear tear foundations,2,Protection and Authority
137,8,"O daughter Babylon, you devastator! Happy shall they be who pay you back what you have done to us!",-0.2695,daughter babylon devastator happy shall pay back done us,2,Protection and Authority
137,9,Happy shall they be who take your little ones and dash them against the rock!,0.6114,happy shall take little ones dash rock,1,Poetic Metaphors
138,1,"I give you thanks, O Lord, with my whole heart; before the gods I sing your praise;",0.8934,give thanks lord whole heart gods sing praise,4,Victory and Power
138,2,I bow down toward your holy temple and give thanks to your name for your steadfast love and your faithfulness; for you have exalted your name and your word above everything.,0.9001,bow toward holy temple give thanks name steadfast love faithfulness exalted name word everything,0,Hopefulness
138,3,"On the day I called, you answered me, you increased my strength of soul.",0.6486,day called answered increased strength soul,0,Hopefulness
138,4,"All the kings of the earth shall praise you, O Lord, for they have heard the words of your mouth.",0.5574,kings earth shall praise lord heard words mouth,4,Victory and Power
138,5,"They shall sing of the ways of the Lord, for great is the glory of the Lord.",0.8225,shall sing ways lord great glory lord,4,Victory and Power
138,6,"For though the Lord is high, he regards the lowly; but the haughty he perceives from far away.",-0.128,though lord high regards lowly haughty perceives far away,4,Victory and Power
138,7,"Though I walk in the midst of trouble, you preserve me against the wrath of my enemies; you stretch out your hand, and your right hand delivers me.",0.128,though walk midst trouble preserve wrath enemies stretch hand right hand delivers,3,Judgment & Righteousness
138,8,"The Lord will fulfill his purpose for me; your steadfast love, O Lord, endures forever. Do not forsake the work of your hands.",0.8442,lord fulfill purpose steadfast love lord endures forever forsake work hands,0,Hopefulness
139,1,"O Lord, you have searched me and known me.",0.0,lord searched known,4,Victory and Power
139,2,You know when I sit down and when I rise up; you discern my thoughts from far away.,0.0,know sit rise discern thoughts far away,1,Poetic Metaphors
139,3,"You search out my path and my lying down, and are acquainted with all my ways.",-0.5267,search path lying acquainted ways,1,Poetic Metaphors
139,4,"Even before a word is on my tongue, O Lord, you know it completely.",0.0,even word tongue lord know completely,4,Victory and Power
139,5,"You hem me in, behind and before, and lay your hand upon me.",0.4939,hem behind lay hand upon,1,Poetic Metaphors
139,6,Such knowledge is too wonderful for me; it is so high that I cannot attain it.,0.5719,knowledge wonderful high attain,0,Hopefulness
139,7,Where can I go from your spirit? Or where can I flee from your presence?,0.264,go spirit flee presence,1,Poetic Metaphors
139,8,"If I ascend to heaven, you are there; if I make my bed in Sheol, you are there.",0.5106,ascend heaven make bed sheol,1,Poetic Metaphors
139,9,"If I take the wings of the morning and settle at the farthest limits of the sea,",0.0,take wings morning settle farthest limits sea,1,Poetic Metaphors
139,10,"even there your hand shall lead me, and your right hand shall hold me fast.",0.7506,even hand shall lead right hand shall hold fast,3,Judgment & Righteousness
139,11,"If I say, “Surely the darkness shall cover me, and the light around me become night,”",-0.25,say surely darkness shall cover light around become night,1,Poetic Metaphors
139,12,"even the darkness is not dark to you; the night is as bright as the day, for darkness is as light to you.",-0.0258,even darkness dark night bright day darkness light,1,Poetic Metaphors
139,13,For it was you who formed my inward parts; you knit me together in my mother’s womb.,0.0,formed inward parts knit together mother womb,1,Poetic Metaphors
139,14,"I praise you, for I am fearfully and wonderfully made. Wonderful are your works; that I know very well.",0.8858,praise fearfully wonderfully made wonderful works know well,0,Hopefulness
139,15,"My frame was not hidden from you, when I was being made in secret, intricately woven in the depths of the earth.",0.0,frame hidden made secret intricately woven depths earth,1,Poetic Metaphors
139,17,"How weighty to me are your thoughts, O God! How vast is the sum of them!",0.3987,weighty thoughts god vast sum,4,Victory and Power
139,18,I try to count them—they are more than the sand; I come to the end—I am still with you.,0.0,try count sand come still,1,Poetic Metaphors
139,19,"O that you would kill the wicked, O God, and that the bloodthirsty would depart from me—",-0.7906,would kill wicked god bloodthirsty would depart,3,Judgment & Righteousness
139,20,"those who speak of you maliciously, and lift themselves up against you for evil!",-0.69,speak maliciously lift evil,3,Judgment & Righteousness
139,21,"Do I not hate those who hate you, O Lord? And do I not loathe those who rise up against you?",0.3151,hate hate lord loathe rise,4,Victory and Power
139,22,I hate them with perfect hatred; I count them my enemies.,-0.8126,hate perfect hatred count enemies,3,Judgment & Righteousness
139,23,"Search me, O God, and know my heart; test me and know my thoughts.",0.743,search god know heart test know thoughts,0,Hopefulness
139,24,"See if there is any wicked way in me, and lead me in the way everlasting.",-0.5267,see wicked way lead way everlasting,3,Judgment & Righteousness
140,1,"Deliver me, O Lord, from evildoers; protect me from those who are violent,",-0.6908,deliver lord evildoers protect violent,3,Judgment & Righteousness
140,2,who plan evil things in their minds and stir up wars continually.,-0.8402,plan evil things minds stir wars continually,3,Judgment & Righteousness
140,3,"They make their tongue sharp as a snake’s, and under their lips is the venom of vipers.Selah",0.0,make tongue sharp snake lips venom,1,Poetic Metaphors
140,4,"Guard me, O Lord, from the hands of the wicked; protect me from the violent who have planned my downfall.",-0.6908,guard lord hands wicked protect violent planned downfall,3,Judgment & Righteousness
140,5,"The arrogant have hidden a trap for me, and with cords they have spread a net, along the road they have set snares for me.Selah",-0.6705,arrogant hidden trap cords spread net along road set snares,1,Poetic Metaphors
140,6,"I say to the Lord, “You are my God; give ear, O Lord, to the voice of my supplications.”",0.2732,say lord god give ear lord voice supplications,4,Victory and Power
140,7,"O Lord, my Lord, my strong deliverer, you have covered my head in the day of battle.",0.1779,lord lord strong deliverer covered head day battle,4,Victory and Power
140,8,"Do not grant, O Lord, the desires of the wicked; do not further their evil plot.Selah",-0.2486,grant lord desires wicked evil,4,Victory and Power
140,9,Those who surround me lift up their heads; let the mischief of their lips overwhelm them!,-0.5411,surround lift heads let mischief lips overwhelm,1,Poetic Metaphors
140,10,"Let burning coals fall on them! Let them be flung into pits, no more to rise!",-0.4184,let burning coals fall let flung pits rise,1,Poetic Metaphors
140,11,Do not let the slanderer be established in the land; let evil speedily hunt down the violent!,-0.8622,let slanderer established land let evil speedily hunt violent,3,Judgment & Righteousness
140,12,"I know that the Lord maintains the cause of the needy, and executes justice for the poor.",-0.2732,know lord maintains cause needy executes justice poor,4,Victory and Power
140,13,Surely the righteous shall give thanks to your name; the upright shall live in your presence.,0.7003,surely righteous shall give thanks name upright shall live presence,0,Hopefulness
141,1,"I call upon you, O Lord; come quickly to me; give ear to my voice when I call to you.",0.0,call upon lord come quickly give ear voice call,4,Victory and Power
141,2,"Let my prayer be counted as incense before you, and the lifting up of my hands as an evening sacrifice.",0.0,let prayer counted incense lifting hands evening sacrifice,0,Hopefulness
141,3,"Set a guard over my mouth, O Lord; keep watch over the door of my lips.",0.0,set guard mouth lord keep watch door lips,4,Victory and Power
141,4,"Do not turn my heart to any evil, to busy myself with wicked deeds in company with those who work iniquity; do not let me eat of their delicacies.",-0.9036,turn heart evil busy wicked deeds company work iniquity let eat delicacies,3,Judgment & Righteousness
141,5,"Let the righteous strike me; let the faithful correct me. Never let the oil of the wicked anoint my head, for my prayer is continually against their wicked deeds.",-0.6597,let righteous strike let faithful correct never let oil wicked anoint head prayer continually wicked deeds,3,Judgment & Righteousness
141,6,"When they are given over to those who shall condemn them, then they shall learn that my words were pleasant.",0.1779,given shall condemn shall learn words pleasant,3,Judgment & Righteousness
141,7,"Like a rock that one breaks apart and shatters on the land, so shall their bones be strewn at the mouth of Sheol.",0.3612,like rock one breaks apart shatters land shall bones strewn mouth sheol,1,Poetic Metaphors
141,8,"But my eyes are turned toward you, O God, my Lord; in you I seek refuge; do not leave me defenseless.",0.6626,eyes turned toward god lord seek refuge leave defenseless,4,Victory and Power
141,9,"Keep me from the trap that they have laid for me, and from the snares of evildoers.",-0.6908,keep trap laid snares evildoers,3,Judgment & Righteousness
141,10,"Let the wicked fall into their own nets, while I alone escape.",-0.5719,let wicked fall nets alone escape,1,Poetic Metaphors
142,1,With my voice I cry to the Lord; with my voice I make supplication to the Lord.,-0.4767,voice cry lord voice make supplication lord,4,Victory and Power
142,2,I pour out my complaint before him; I tell my trouble before him.,-0.5994,pour complaint tell trouble,1,Poetic Metaphors
142,3,"When my spirit is faint, you know my way. In the path where I walk they have hidden a trap for me.",-0.1531,spirit faint know way path walk hidden trap,1,Poetic Metaphors
142,4,Look on my right hand and see— there is no one who takes notice of me; no refuge remains to me; no one cares for me.,-0.5967,look right hand one takes notice refuge remains one cares,1,Poetic Metaphors
142,5,"I cry to you, O Lord; I say, “You are my refuge, my portion in the land of the living.”",-0.4767,cry lord say refuge portion land living,4,Victory and Power
142,6,"Give heed to my cry, for I am brought very low. Save me from my persecutors, for they are too strong for me.",0.315,give heed cry brought low save persecutors strong,3,Judgment & Righteousness
142,7,"Bring me out of prison, so that I may give thanks to your name. The righteous will surround me, for you will deal bountifully with me.",-0.1027,bring prison may give thanks name righteous surround deal bountifully,3,Judgment & Righteousness
143,1,"Hear my prayer, O Lord; give ear to my supplications in your faithfulness; answer me in your righteousness.",0.4404,hear prayer lord give ear supplications faithfulness answer righteousness,0,Hopefulness
143,2,"Do not enter into judgment with your servant, for no one living is righteous before you.",-0.296,enter judgment servant one living righteous,0,Hopefulness
143,3,"For the enemy has pursued me, crushing my life to the ground, making me sit in darkness like those long dead.",-0.8689,enemy pursued crushing life ground making sit darkness like long dead,1,Poetic Metaphors
143,4,Therefore my spirit faints within me; my heart within me is appalled.,0.4404,therefore spirit faints within heart within appalled,3,Judgment & Righteousness
143,5,"I remember the days of old, I think about all your deeds, I meditate on the works of your hands.",0.0,remember days old think deeds meditate works hands,0,Hopefulness
143,6,I stretch out my hands to you; my soul thirsts for you like a parched land.Selah,0.3612,stretch hands soul thirsts like parched,1,Poetic Metaphors
143,7,"Answer me quickly, O Lord; my spirit fails. Do not hide your face from me, or I shall be like those who go down to the Pit.",0.2306,answer quickly lord spirit fails hide face shall like go pit,4,Victory and Power
143,8,"Let me hear of your steadfast love in the morning, for in you I put my trust. Teach me the way I should go, for to you I lift up my soul.",0.8591,let hear steadfast love morning put trust teach way go lift soul,0,Hopefulness
143,9,"Save me, O Lord, from my enemies; I have fled to you for refuge.",0.0,save lord enemies fled refuge,4,Victory and Power
143,10,"Teach me to do your will, for you are my God. Let your good spirit lead me on a level path.",0.6908,teach god let good spirit lead level path,4,Victory and Power
143,11,"For your name’s sake, O Lord, preserve my life. In your righteousness bring me out of trouble.",-0.4019,name sake lord preserve life righteousness bring trouble,4,Victory and Power
143,12,"In your steadfast love cut off my enemies, and destroy all my adversaries, for I am your servant.",-0.5574,steadfast love cut enemies destroy adversaries servant,3,Judgment & Righteousness
144,1,"Blessed be the Lord, my rock, who trains my hands for war, and my fingers for battle;",-0.3818,blessed lord rock trains hands war fingers battle,4,Victory and Power
144,2,"my rock and my fortress, my stronghold and my deliverer, my shield, in whom I take refuge, who subdues the peoples under me.",0.128,rock fortress stronghold deliverer shield take refuge subdues peoples,1,Poetic Metaphors
144,3,"O Lord, what are human beings that you regard them, or mortals that you think of them?",0.0,lord human beings regard mortals think,4,Victory and Power
144,4,They are like a breath; their days are like a passing shadow.,0.6124,like breath days like passing shadow,1,Poetic Metaphors
144,5,"Bow your heavens, O Lord, and come down; touch the mountains so that they smoke.",0.4019,bow heavens lord come touch mountains smoke,1,Poetic Metaphors
144,6,Make the lightning flash and scatter them; send out your arrows and rout them.,0.0,make lightning flash scatter send arrows rout,1,Poetic Metaphors
144,7,"Stretch out your hand from on high; set me free and rescue me from the mighty waters, from the hand of aliens,",0.9186,stretch hand high set free rescue mighty waters hand aliens,1,Poetic Metaphors
144,8,"whose mouths speak lies, and whose right hands are false.",-0.4215,whose mouths speak lies whose right hands false,3,Judgment & Righteousness
144,9,"I will sing a new song to you, O God; upon a ten-stringed harp I will play to you,",0.5423,sing new song god upon harp play,4,Victory and Power
144,10,"the one who gives victory to kings, who rescues his servant David.",0.3182,one gives victory kings rescues servant david,2,Protection and Authority
144,11,"Rescue me from the cruel sword, and deliver me from the hand of aliens, whose mouths speak lies, and whose right hands are false.",-0.0258,rescue cruel sword deliver hand aliens whose mouths speak lies whose right hands false,3,Judgment & Righteousness
144,12,"May our sons in their youth be like plants full grown, our daughters like corner pillars, cut for the building of a palace.",0.4404,may sons youth like plants full grown daughters like corner pillars cut building palace,1,Poetic Metaphors
144,13,"May our barns be filled, with produce of every kind; may our sheep increase by thousands, by tens of thousands in our fields,",0.6908,may barns filled produce every kind may sheep increase thousands tens thousands fields,1,Poetic Metaphors
144,14,"and may our cattle be heavy with young. May there be no breach in the walls, no exile, and no cry of distress in our streets.",-0.6423,may cattle heavy young may breach walls exile cry distress streets,1,Poetic Metaphors
144,15,Happy are the people to whom such blessings fall; happy are the people whose God is the Lord.,0.9186,happy people blessings fall happy people whose god lord,4,Victory and Power
145,1,"I will extol you, my God and King, and bless your name forever and ever.",0.5994,extol god king bless name forever ever,4,Victory and Power
145,2,"Every day I will bless you, and praise your name forever and ever.",0.7506,every day bless praise name forever ever,0,Hopefulness
145,3,"Great is the Lord, and greatly to be praised; his greatness is unsearchable.",0.8207,great lord greatly praised greatness unsearchable,4,Victory and Power
145,4,"One generation shall laud your works to another, and shall declare your mighty acts.",0.0,one generation shall laud works another shall declare mighty acts,3,Judgment & Righteousness
145,5,"On the glorious splendor of your majesty, and on your wondrous works, I will meditate.",0.8481,glorious splendor majesty wondrous works meditate,0,Hopefulness
145,6,"The might of your awesome deeds shall be proclaimed, and I will declare your greatness.",0.6249,might awesome deeds shall proclaimed declare greatness,4,Victory and Power
145,7,"They shall celebrate the fame of your abundant goodness, and shall sing aloud of your righteousness.",0.8625,shall celebrate fame abundant goodness shall sing aloud righteousness,4,Victory and Power
145,8,"The Lord is gracious and merciful, slow to anger and abounding in steadfast love.",0.7269,lord gracious merciful slow anger abounding steadfast love,0,Hopefulness
145,9,"The Lord is good to all, and his compassion is over all that he has made.",0.7096,lord good compassion made,4,Victory and Power
145,10,"All your works shall give thanks to you, O Lord, and all your faithful shall bless you.",0.8225,works shall give thanks lord faithful shall bless,4,Victory and Power
145,11,"They shall speak of the glory of your kingdom, and tell of your power,",0.5423,shall speak glory kingdom tell power,4,Victory and Power
145,12,"to make known to all people your mighty deeds, and the glorious splendor of your kingdom.",0.8481,make known people mighty deeds glorious splendor kingdom,4,Victory and Power
145,13,"Your kingdom is an everlasting kingdom, and your dominion endures throughout all generations. The Lord is faithful in all his words, and gracious in all his deeds.",0.7579,kingdom everlasting kingdom dominion endures throughout generations lord faithful words gracious deeds,4,Victory and Power
145,14,"The Lord upholds all who are falling, and raises up all who are bowed down.",-0.1531,lord upholds falling raises bowed,4,Victory and Power
145,15,"The eyes of all look to you, and you give them their food in due season.",0.0,eyes look give food due season,1,Poetic Metaphors
145,16,"You open your hand, satisfying the desire of every living thing.",0.836,open hand satisfying desire every living thing,0,Hopefulness
145,17,"The Lord is just in all his ways, and kind in all his doings.",0.5267,lord ways kind doings,4,Victory and Power
145,18,"The Lord is near to all who call on him, to all who call on him in truth.",0.3182,lord near call call truth,4,Victory and Power
145,19,"He fulfills the desire of all who fear him; he also hears their cry, and saves them.",-0.3818,fulfills desire fear also hears cry saves,0,Hopefulness
145,20,"The Lord watches over all who love him, but all the wicked he will destroy.",-0.8294,lord watches love wicked destroy,4,Victory and Power
145,21,"My mouth will speak the praise of the Lord, and all flesh will bless his holy name forever and ever.",0.7506,mouth speak praise lord flesh bless holy name forever ever,4,Victory and Power
146,1,"Praise the Lord! Praise the Lord, O my soul!",0.8309,praise lord praise lord soul,4,Victory and Power
146,2,I will praise the Lord as long as I live; I will sing praises to my God all my life long.,0.8442,praise lord long live sing praises god life long,4,Victory and Power
146,3,"Do not put your trust in princes, in mortals, in whom there is no help.",-0.6072,put trust princes mortals help,0,Hopefulness
146,4,"When their breath departs, they return to the earth; on that very day their plans perish.",0.0,breath departs return earth day plans perish,1,Poetic Metaphors
146,5,"Happy are those whose help is the God of Jacob, whose hope is in the Lord their God,",0.91,happy whose help god jacob whose hope lord god,2,Protection and Authority
146,6,"who made heaven and earth, the sea, and all that is in them; who keeps faith forever;",0.7269,made heaven earth sea keeps faith forever,0,Hopefulness
146,7,who executes justice for the oppressed; who gives food to the hungry. The Lord sets the prisoners free;,0.0772,executes justice oppressed gives food hungry lord sets prisoners free,3,Judgment & Righteousness
146,8,the Lord opens the eyes of the blind. The Lord lifts up those who are bowed down; the Lord loves the righteous.,0.25,lord opens eyes blind lord lifts bowed lord loves righteous,4,Victory and Power
146,9,"The Lord watches over the strangers; he upholds the orphan and the widow, but the way of the wicked he brings to ruin.",-0.8957,lord watches strangers upholds orphan widow way wicked brings ruin,3,Judgment & Righteousness
146,10,"The Lord will reign forever, your God, O Zion, for all generations. Praise the Lord!",0.7177,lord reign forever god zion generations praise lord,2,Protection and Authority
147,1,"Praise the Lord! How good it is to sing praises to our God; for he is gracious, and a song of praise is fitting.",0.9612,praise lord good sing praises god gracious song praise fitting,4,Victory and Power
147,2,The Lord builds up Jerusalem; he gathers the outcasts of Israel.,0.0,lord builds jerusalem gathers outcasts israel,2,Protection and Authority
147,3,"He heals the brokenhearted, and binds up their wounds.",0.0,heals brokenhearted binds wounds,0,Hopefulness
147,4,He determines the number of the stars; he gives to all of them their names.,0.0772,determines number stars gives names,1,Poetic Metaphors
147,5,"Great is our Lord, and abundant in power; his understanding is beyond measure.",0.6249,great lord abundant power understanding beyond measure,4,Victory and Power
147,6,The Lord lifts up the downtrodden; he casts the wicked to the ground.,-0.5267,lord lifts downtrodden casts wicked ground,4,Victory and Power
147,7,Sing to the Lord with thanksgiving; make melody to our God on the lyre.,0.2732,sing lord thanksgiving make melody god lyre,4,Victory and Power
147,8,"He covers the heavens with clouds, prepares rain for the earth, makes grass grow on the hills.",0.4019,covers heavens clouds prepares rain earth makes grass grow hills,1,Poetic Metaphors
147,9,"He gives to the animals their food, and to the young ravens when they cry.",-0.4767,gives animals food young ravens cry,1,Poetic Metaphors
147,10,"His delight is not in the strength of the horse, nor his pleasure in the speed of a runner;",-0.1842,delight strength horse pleasure speed runner,1,Poetic Metaphors
147,11,"but the Lord takes pleasure in those who fear him, in those who hope in his steadfast love.",0.9313,lord takes pleasure fear hope steadfast love,0,Hopefulness
147,12,"Praise the Lord, O Jerusalem! Praise your God, O Zion!",0.8715,praise lord jerusalem praise god zion,2,Protection and Authority
147,13,For he strengthens the bars of your gates; he blesses your children within you.,0.765,strengthens bars gates blesses children within,1,Poetic Metaphors
147,14,He grants peace within your borders; he fills you with the finest of wheat.,0.6597,grants peace within borders fills finest wheat,2,Protection and Authority
147,15,He sends out his command to the earth; his word runs swiftly.,0.296,sends command earth word runs swiftly,1,Poetic Metaphors
147,16,He gives snow like wool; he scatters frost like ashes.,0.6124,gives snow like wool scatters frost like ashes,1,Poetic Metaphors
147,17,He hurls down hail like crumbs— who can stand before his cold?,0.4215,hurls hail like stand cold,1,Poetic Metaphors
147,18,"He sends out his word, and melts them; he makes his wind blow, and the waters flow.",0.0,sends word melts makes wind blow waters flow,1,Poetic Metaphors
147,19,"He declares his word to Jacob, his statutes and ordinances to Israel.",0.0,declares word jacob statutes ordinances israel,2,Protection and Authority
147,20,He has not dealt thus with any other nation; they do not know his ordinances. Praise the Lord!,0.5983,dealt thus nation know ordinances praise lord,4,Victory and Power
148,1,Praise the Lord! Praise the Lord from the heavens; praise him in the heights!,0.9335,praise lord praise lord heavens praise heights,4,Victory and Power
148,2,"Praise him, all his angels; praise him, all his host!",0.8172,praise angels praise host,4,Victory and Power
148,3,"Praise him, sun and moon; praise him, all you shining stars!",0.8172,praise sun moon praise shining stars,4,Victory and Power
148,4,"Praise him, you highest heavens, and you waters above the heavens!",0.8516,praise highest heavens waters heavens,4,Victory and Power
148,5,"Let them praise the name of the Lord, for he commanded and they were created.",0.6808,let praise name lord commanded created,4,Victory and Power
148,6,"He established them forever and ever; he fixed their bounds, which cannot be passed.",0.0,established forever ever fixed bounds passed,1,Poetic Metaphors
148,7,"Praise the Lord from the earth, you sea monsters and all deeps,",0.5574,praise lord earth sea monsters deeps,4,Victory and Power
148,8,"fire and hail, snow and frost, stormy wind fulfilling his command!",-0.3382,fire hail snow frost stormy wind fulfilling command,1,Poetic Metaphors
148,9,"Mountains and all hills, fruit trees and all cedars!",0.0,mountains hills fruit trees cedars,1,Poetic Metaphors
148,10,"Wild animals and all cattle, creeping things and flying birds!",0.0,wild animals cattle creeping things flying birds,1,Poetic Metaphors
148,11,"Kings of the earth and all peoples, princes and all rulers of the earth!",0.0,kings earth peoples princes rulers earth,2,Protection and Authority
148,12,"Young men and women alike, old and young together!",0.0,young men women alike old young together,1,Poetic Metaphors
148,13,"Let them praise the name of the Lord, for his name alone is exalted; his glory is above earth and heaven.",0.8555,let praise name lord name alone exalted glory earth heaven,4,Victory and Power
148,14,"He has raised up a horn for his people, praise for all his faithful, for the people of Israel who are close to him. Praise the Lord!",0.8858,raised horn people praise faithful people israel close praise lord,2,Protection and Authority
149,1,"Praise the Lord! Sing to the Lord a new song, his praise in the assembly of the faithful.",0.8858,praise lord sing lord new song praise assembly faithful,4,Victory and Power
149,2,Let Israel be glad in its Maker; let the children of Zion rejoice in their King.,0.7096,let israel glad maker let children zion rejoice king,2,Protection and Authority
149,3,"Let them praise his name with dancing, making melody to him with tambourine and lyre.",0.5574,let praise name dancing making melody tambourine lyre,4,Victory and Power
149,4,For the Lord takes pleasure in his people; he adorns the humble with victory.,0.6369,lord takes pleasure people adorns humble victory,4,Victory and Power
149,5,Let the faithful exult in glory; let them sing for joy on their couches.,0.8807,let faithful exult glory let sing joy couches,0,Hopefulness
149,6,"Let the high praises of God be in their throats and two-edged swords in their hands,",0.6705,let high praises god throats swords hands,4,Victory and Power
149,7,"to execute vengeance on the nations and punishment on the peoples,",-0.4939,execute vengeance nations punishment peoples,3,Judgment & Righteousness
149,8,"to bind their kings with fetters and their nobles with chains of iron,",0.0,bind kings fetters nobles chains iron,2,Protection and Authority
149,9,to execute on them the judgment decreed. This is glory for all his faithful ones. Praise the Lord!,0.8832,execute judgment decreed glory faithful ones praise lord,4,Victory and Power
150,1,Praise the Lord! Praise God in his sanctuary; praise him in his mighty firmament!,0.9258,praise lord praise god sanctuary praise mighty firmament,4,Victory and Power
150,2,Praise him for his mighty deeds; praise him according to his surpassing greatness!,0.8172,praise mighty deeds praise according surpassing greatness,4,Victory and Power
150,3,Praise him with trumpet sound; praise him with lute and harp!,0.8172,praise trumpet sound praise lute harp,4,Victory and Power
150,4,Praise him with tambourine and dance; praise him with strings and pipe!,0.8172,praise tambourine dance praise strings pipe,1,Poetic Metaphors
150,5,Praise him with clanging cymbals; praise him with loud clashing cymbals!,0.8172,praise clanging cymbals praise loud clashing cymbals,1,Poetic Metaphors
150,6,Let everything that breathes praise the Lord! Praise the Lord!,0.8309,let everything breathes praise lord praise lord,4,Victory and Power
